id,domain,status,purchase_price,renewal_price,attractiveness,demand,length,registrar,created_at,expires_at,status_verified_at
490964fc-f4b7-40f0-8dc3-287c0d741021,earrings.new,available,412.2,412.2,medium,low,8,spaceship,,,30/09/2026 00:39
4e5ad5d6-de85-4ad6-babd-6243cb98aa71,libraries.new,available,488.98,601.98,medium,low,9,namecheap,,,20/09/2026 00:02
3bc4770e-1cbe-4de8-812f-c8e43f3c51c1,lick.new,available,412.2,412.2,medium,low,4,spaceship,,,29/09/2026 02:30
c37bf6a2-b5cf-44ea-ba4e-cb7017b83eb7,betray.new,available,412.46,412.46,medium,low,6,porkbun,,,28/09/2026 13:49
9b964b54-0522-4dc6-ab12-ea6a46a85b23,surrogate.new,available,488.98,601.98,high,low,9,namecheap,,,22/09/2026 02:27
a4d8ea11-f511-4e48-ab01-91de7bc1b644,policeman.new,available,488.98,601.98,high,low,9,namecheap,,,27/09/2026 05:03
c66911c9-4a37-4342-b0ae-977edaae183a,aerobic.new,available,488.98,601.98,high,low,7,namecheap,,,21/09/2026 21:01
eadfada4-e097-4a11-93c2-03178e2ed2c0,pocketable.new,available,488.98,601.98,medium,low,10,namecheap,,,08/09/2026 22:20
d5156ad4-d75f-4817-ba2f-d0cf83329516,presage.new,available,488.98,601.98,high,low,7,namecheap,,,09/09/2026 02:57
47996288-21c8-4246-bd09-20453e90dd95,fogged.new,available,488.98,601.98,medium,low,6,namecheap,,,18/08/2026 09:51
2c65f87f-d771-465a-8491-ca7c969ce926,garrett.new,available,488.98,601.98,high,low,7,namecheap,,,25/09/2026 14:29
a5613c79-e223-4276-b2c5-adc308ecf9a1,zoe.new,available,412.2,412.2,high,low,3,spaceship,,,27/09/2026 18:59
a624aadf-a3cf-4bcf-8dea-e264541eeb70,ponderable.new,available,488.98,601.98,medium,low,10,namecheap,,,12/08/2026 15:42
d1660179-d6cd-40c1-9ba2-945bc52cb0b8,olympics.new,available,549.99,,high,low,8,name.com,,,
5a10bc7d-df21-4d39-a8c2-cbc0e679ab3b,arizonan.new,available,488.98,601.98,medium,low,8,namecheap,,,20/09/2026 06:05
23644047-3cc3-4ab3-a24d-098b7e251ff1,tipsy.new,available,488.98,601.98,high,low,5,namecheap,,,11/09/2026 15:38
86258b4a-6d2a-49af-84cd-409328b9fab6,negligence.new,available,412.2,412.2,high,low,10,spaceship,,,29/09/2026 07:40
fd405c37-b3d2-4ae8-a150-addf2129eaae,radish.new,available,488.98,601.98,high,low,6,namecheap,,,24/09/2026 20:53
23e8d1fe-c152-4f14-af83-b4673f20beae,underwater.new,available,488.98,601.98,high,low,11,namecheap,,,16/09/2026 17:58
716259f2-bbcf-4b77-978d-0b704412ed43,seepage.new,available,488.98,601.98,medium,low,7,namecheap,,,04/09/2026 15:38
e5a4fcb4-b8dc-46a8-8239-4ba7dc047692,crumbly.new,available,488.98,601.98,medium,low,7,namecheap,,,13/08/2026 09:02
7ac1db7e-29a2-4a1a-b82f-e828ffb73485,hellish.new,available,488.98,601.98,medium,low,7,namecheap,,,09/08/2026 04:59
ac2af096-49f6-40b9-a4c1-4f3c239b8ae0,quixotic.new,available,488.98,601.98,high,low,8,namecheap,,,09/09/2026 09:04
b6db651a-8aa4-4a49-8964-a18360fb8485,legless.new,available,488.98,601.98,medium,low,7,namecheap,,,22/08/2026 23:13
6ce62b24-51cc-4582-bcc9-c41aaf7a355e,momentarily.new,available,412.46,412.46,medium,low,11,porkbun,,,29/09/2026 23:02
677638df-847c-4340-97ba-0fc783410339,scouser.new,available,488.98,601.98,medium,low,7,namecheap,,,24/08/2026 08:11
7c805f5c-3612-4945-84a3-9f4dfc4b1195,sunshade.new,available,488.98,601.98,high,low,8,namecheap,,,21/09/2026 10:14
534645b5-5995-48e3-b416-337393aad185,harrowing.new,available,488.98,601.98,medium,low,9,namecheap,,,
898d4973-ea7b-46a3-ac3f-fc84361ea994,blaming.new,available,412.46,412.46,medium,low,7,porkbun,,,28/09/2026 18:00
64e7504c-a6e7-4ec4-bb67-d281a52b6dde,tropically.new,available,488.98,601.98,medium,low,10,namecheap,,,16/09/2026 09:33
805f765e-1335-49ea-a6dd-9c944b2f25a4,typic.new,available,488.98,601.98,medium,low,5,namecheap,,,11/09/2026 22:29
768c2269-d389-46e4-80ce-51e8b67ecf08,bells.new,available,488.98,601.98,high,low,5,namecheap,,,25/09/2026 15:52
512f36ba-21d9-4953-be5a-51ac840b0815,tablespoons.new,available,488.98,601.98,medium,low,11,namecheap,,,20/09/2026 10:16
24e630cb-eb0a-4eec-ae77-7a9b57ce0fc3,beta.new,available,488.98,601.98,high,low,4,namecheap,,,09/08/2026 18:05
f6b68807-1f3a-42d2-bda9-52128e996032,fashionable.new,available,412.2,412.2,high,low,11,spaceship,,,28/09/2026 15:41
9e4a295c-3617-4bf6-8e34-715c51954f95,centenary.new,available,488.98,601.98,high,low,9,namecheap,,,11/08/2026 23:54
5259c04a-ae70-4cd1-9389-ab0c1d31b689,baas.new,available,488.98,601.98,high,low,4,namecheap,,,21/09/2026 12:09
c9f65003-fdb9-440b-acea-8affb27a0ddf,dogwoods.new,available,488.98,601.98,medium,low,8,namecheap,,,20/09/2026 13:05
d817c902-4893-41ab-9d93-5908fec7e9e0,islands.new,available,549.99,,high,low,7,name.com,,,
c1e6e969-0c46-4ee8-b81f-5136baeee0e6,asphalt.new,available,488.98,601.98,high,low,7,namecheap,,,20/09/2026 15:08
9e4117bc-4461-45db-9df7-b26352cf1d0b,dormitory.new,available,412.46,412.46,high,low,9,porkbun,,,29/09/2026 12:05
6b200c02-0423-4fb9-8ee9-120d25fd625b,blanche.new,available,488.98,601.98,medium,low,7,namecheap,,,26/09/2026 03:36
2c004b6e-dbfa-4f79-ab9e-b47920de7efe,anabas.new,available,488.98,601.98,medium,low,6,namecheap,,,19/09/2026 00:49
3121f395-07d8-4f74-99ac-4d97e968b5e5,throne.new,available,488.98,601.98,high,medium,6,namecheap,,,09/09/2026 00:54
a301d2e8-05f3-4869-bd3c-25a25df2dbe7,inimical.new,available,488.98,601.98,medium,low,8,namecheap,,,22/08/2026 05:20
472be61f-2b0b-465a-969f-d57cdd9d71a3,alkyne.new,available,488.98,601.98,medium,low,6,namecheap,,,17/09/2026 00:25
334b0dee-da00-4d69-98f6-b03986637549,leathery.new,available,488.98,601.98,medium,low,8,namecheap,,,13/08/2026 01:13
5d6f2805-f0c0-4c9a-a318-3b854434891d,tramway.new,available,488.98,601.98,high,low,7,namecheap,,,17/09/2026 12:48
348ca7ba-e4c5-4803-9dce-6b2a9e86e6d7,closer.new,available,412.2,412.2,high,low,6,spaceship,,,28/09/2026 14:02
e3f95175-2a7e-4b4d-b9f2-9a5a00a73df5,backspacer.new,available,488.98,601.98,medium,low,10,namecheap,,,21/09/2026 16:02
c7ff149c-c417-4a15-afba-d4b2a0bd0fd8,autopsy.new,available,488.98,601.98,high,low,7,namecheap,,,21/09/2026 07:38
103a8f65-1474-4286-8808-d2d59649adf4,hoax.new,available,412.46,412.46,high,low,4,porkbun,,,30/09/2026 01:25
cea72afe-f3af-4f71-9376-1f74bb0f9a07,consideration.new,available,412.2,412.2,high,low,13,spaceship,,,28/09/2026 04:23
6507e41b-b6cb-466b-81b5-1afe6cd9a02c,answer.new,available,488.98,601.98,high,low,6,namecheap,,,28/09/2026 21:32
f5c44000-dc55-45e1-af73-5f795fb4d137,composed.new,available,488.98,601.98,high,low,8,namecheap,,,23/09/2026 17:50
b4b06b83-55cd-4c6f-88a8-a8abd18ebb4c,entirely.new,available,488.98,601.98,high,low,8,namecheap,,,
9fdb60d2-b25b-456d-8f69-d3380aced970,extortion.new,available,412.2,412.2,medium,low,9,spaceship,,,29/09/2026 12:13
7dc70854-22d7-4c35-88ca-8af2e3c933a9,haircut.new,available,412.2,412.2,high,low,7,spaceship,,,29/09/2026 21:56
d42781bd-2293-4295-bb81-08523cbb7840,colombian.new,available,488.98,601.98,high,low,9,namecheap,,,12/08/2026 17:18
676197b2-c44d-4231-8786-b22bd23ec1dc,pump.new,available,549.99,549.99,high,medium,4,name.com,,,25/09/2026 10:10
b59a8b0c-eb19-48d0-924c-d78913f8b4ff,anastasia.new,available,412.2,412.2,high,low,9,spaceship,,,29/09/2026 03:46
a0eaea41-0d8e-4b34-af26-4da70a6f7d06,aldrich.new,available,488.98,601.98,high,low,7,namecheap,,,28/09/2026 04:14
8952e395-f079-458f-8678-66466fce403f,breasted.new,available,488.98,601.98,medium,low,8,namecheap,,,11/08/2026 03:12
f386be4b-bf13-499d-b95c-011fa961f856,leggy.new,available,488.98,601.98,medium,low,5,namecheap,,,22/08/2026 22:57
c1380f04-c6e9-4d09-8197-c2b730ca88c5,bleached.new,available,488.98,601.98,medium,low,8,namecheap,,,10/08/2026 13:52
29f7200e-a121-4e37-8e0a-91a816b66316,moody.new,available,488.98,601.98,high,low,5,namecheap,,,20/08/2026 14:59
78400a23-b861-489a-adbc-2b3ade11179d,stephenson.new,available,488.98,601.98,high,low,10,namecheap,,,25/09/2026 06:30
10811cfe-f611-4750-b530-2e2d734a517c,appellate.new,available,488.98,601.98,medium,low,9,namecheap,,,06/08/2026 06:18
8cb64e6d-fdea-4600-858a-fc9017362d04,geothermal.new,available,488.98,601.98,high,low,10,namecheap,,,18/08/2026 22:39
0b0ec51c-7c67-41ba-b218-bb5136c18865,detectives.new,available,412.2,412.2,medium,low,10,spaceship,,,28/09/2026 05:09
5cae7296-660b-482e-9c3d-dc3714f065f4,sabin.new,available,488.98,601.98,medium,low,5,namecheap,,,18/09/2026 02:37
70fe550f-f048-4b63-8235-188c619a602d,peripheral.new,available,488.98,601.98,high,low,10,namecheap,,,08/09/2026 17:14
79640e22-04af-4564-b4a2-71047896238c,discovering.new,available,412.2,412.2,medium,low,11,spaceship,,,29/09/2026 10:28
996686b2-0edb-4586-92b5-9e28281d2133,majors.new,available,488.98,601.98,high,low,6,namecheap,,,23/09/2026 14:46
78b8c613-c228-473d-9ef6-f08d473932b1,anabaptist.new,available,488.98,601.98,medium,low,10,namecheap,,,19/09/2026 00:49
9397a8b7-819e-4b30-bca7-aa5561c579cd,teachable.new,available,488.98,601.98,high,low,9,namecheap,,,11/09/2026 09:34
239aa8b5-3bbb-4fef-96aa-9671e89d252a,exploded.new,available,488.98,601.98,medium,low,8,namecheap,,,17/08/2026 18:28
2f9532b9-12a7-4332-91f0-1b025417f4c4,futurity.new,available,488.98,601.98,high,low,8,namecheap,,,18/08/2026 19:11
0fc19e96-a96e-4946-8944-cc3bc0721e16,helped.new,available,488.98,601.98,medium,low,6,namecheap,,,25/09/2026 18:33
4ca14a28-603d-49be-af79-c823189aaf05,amerindian.new,available,488.98,601.98,high,low,10,namecheap,,,03/09/2026 13:51
149eea23-3048-4e2d-95d0-db5e8c9de674,potato.new,available,412.2,412.2,high,medium,6,spaceship,,,30/09/2026 00:23
55a29b1e-bf5d-481e-b2a3-d8861309739e,geoff.new,available,488.98,601.98,medium,low,5,namecheap,,,28/09/2026 07:55
bcc026c8-ccce-442d-9349-d7badd709d78,oozy.new,available,488.98,601.98,medium,low,4,namecheap,,,04/09/2026 15:30
19ce01e9-9766-42fe-8c31-fb78a32b5743,adolphus.new,available,412.2,412.2,medium,low,8,spaceship,,,29/09/2026 15:26
55297fc4-7281-4431-a6fd-ca24b01fe8b7,fatigue.new,available,488.98,601.98,high,low,7,namecheap,,,25/09/2026 11:36
501220f0-773b-4e8b-9777-8d34d7210589,braxton.new,available,412.2,412.2,medium,low,7,spaceship,,,29/09/2026 11:12
13716528-4e68-43c8-87eb-2c075f2927c2,canoe.new,available,412.2,412.2,high,low,5,spaceship,,,29/09/2026 06:41
fca4c943-ca26-441b-8085-e52841927a37,feeder.new,available,488.98,601.98,high,low,6,namecheap,,,12/08/2026 21:09
58ba64ef-fa2f-43c9-ad37-6ea240239f1f,seeks.new,available,488.98,601.98,medium,low,5,namecheap,,,28/09/2026 23:37
dec6d57d-542b-4111-b48d-4d414b7289f5,reopen.new,available,412.46,412.46,high,low,6,porkbun,,,30/09/2026 03:14
e40fba9f-4c1b-4316-8280-0397c09bdb17,bleb.new,available,488.98,601.98,medium,low,4,namecheap,,,24/09/2026 05:21
03d7ed94-2b2d-49d7-aed1-9334009c6b29,allegoric.new,available,488.98,601.98,medium,low,9,namecheap,,,
16c5b285-8fe1-49d3-9352-b02709d55bad,adulthood.new,available,488.98,601.98,high,low,9,namecheap,,,17/09/2026 10:25
a2a78830-168b-47ac-8776-ce259b753f23,weighing.new,available,488.98,601.98,high,low,8,namecheap,,,17/09/2026 11:27
c4e997ee-79ff-4ce0-92c7-790005c00dad,mouth.new,available,488.98,601.98,high,low,5,namecheap,,,28/09/2026 08:01
9ba201c2-9085-4899-a39d-07c99a3e6551,jacob.new,available,488.98,601.98,high,low,5,namecheap,,,25/09/2026 22:52
2fefdb27-a0d6-4530-b49b-308249d120df,charlton.new,available,412.2,412.2,medium,low,8,spaceship,,,27/09/2026 19:17
dc86f936-615f-4cc7-9ba7-43c08c30fba2,abatis.new,available,488.98,601.98,medium,low,6,namecheap,,,16/09/2026 14:12
89fca2b6-4ed3-49eb-83be-8bbf758a6dd6,fractious.new,available,488.98,601.98,medium,low,9,namecheap,,,18/08/2026 13:53
1e88b5f4-acf1-4050-a052-22770e2c3046,gaines.new,available,412.2,412.2,high,low,6,spaceship,,,28/09/2026 04:15
b34a2059-8682-47dc-a49f-35e8c3e68dce,dayspring.new,available,488.98,601.98,high,low,9,namecheap,,,11/09/2026 02:07
cf729e89-ce38-4528-b64b-ff10f9fee4e4,jacks.new,available,412.2,412.2,high,low,5,spaceship,,,30/09/2026 00:29
4eeccc7b-50b8-43f2-b131-e6c9c44afbfd,loves.new,available,488.98,601.98,high,low,5,namecheap,,,25/09/2026 18:55
79e75678-2e7d-4ff6-944f-258ffe0e87fe,neck.new,available,412.2,412.2,high,low,4,spaceship,,,29/09/2026 07:49
8ac26302-d285-4ef5-84f0-53e2f2bea351,sharks.new,available,488.98,601.98,medium,low,6,namecheap,,,27/09/2026 23:50
cdcc05c6-21ac-4b16-828a-9366a845c148,clue.new,available,412.2,412.2,high,low,4,spaceship,,,29/09/2026 10:03
de83bba4-82b9-4605-8770-df1840f8802a,prepupal.new,available,488.98,601.98,high,medium,8,namecheap,,,09/09/2026 01:41
e0877374-6fca-4866-b09a-f1221212f2c9,democratic.new,available,488.98,601.98,high,low,10,namecheap,,,24/09/2026 05:46
a59040a3-a52a-4809-b55b-e13dfb9478b6,liking.new,available,412.2,412.2,high,low,6,spaceship,,,28/09/2026 06:09
d7b6053f-6b3f-4ae8-ae2b-f0cb1144584a,pupillary.new,available,488.98,601.98,high,medium,9,namecheap,,,09/09/2026 06:08
c4cadffd-172e-4315-bd55-31733372d493,shyly.new,available,488.98,601.98,medium,low,5,namecheap,,,13/09/2026 23:37
2f4892c8-1e3d-4eb9-9a01-b007cbc25711,obliging.new,available,488.98,601.98,high,low,8,namecheap,,,12/08/2026 19:27
f533d555-ab6f-4618-a0e7-d357e215706a,tesla.new,available,549.99,,high,medium,5,name.com,,,
5011974f-f3a9-46d9-8902-4d20b8e54a0a,rabbi.new,available,488.98,601.98,high,low,5,namecheap,,,28/09/2026 15:11
f35681f9-9bee-4358-9fda-70eed793eed8,originate.new,available,412.2,412.2,high,low,9,spaceship,,,30/09/2026 02:32
1c2d4eed-f26c-4ac4-a2d2-c5ba1097509e,attalea.new,available,488.98,601.98,medium,low,7,namecheap,,,21/09/2026 01:14
7cfa3935-0eb1-4af1-92bc-06fa23578e05,fooling.new,available,488.98,601.98,high,low,7,namecheap,,,18/08/2026 10:35
6db9f85e-56d9-4534-aa53-8c99aae0f381,counselling.new,available,488.98,601.98,high,low,11,namecheap,,,17/09/2026 12:13
cd44d441-0c75-43ac-8f34-31a98cfbb707,angeles.new,available,488.98,601.98,high,low,7,namecheap,,,25/09/2026 16:22
6f0a3168-082d-4227-9b8b-1fad3873c57f,columnist.new,available,412.2,412.2,high,low,9,spaceship,,,29/09/2026 11:55
f3a3eb01-97d2-43c1-859d-25d55c7a3672,ares.new,available,549.99,549.99,high,low,4,name.com,,,20/09/2026 04:02
fe86a25c-962f-48ba-8c32-5b7f001639a2,transportation.new,available,488.98,601.98,high,low,14,namecheap,,,19/09/2026 03:16
74e8224d-25a9-4d65-8b8d-007c0d533c12,owns.new,available,488.98,601.98,medium,low,4,namecheap,,,18/09/2026 16:37
a68dacb8-f387-4c16-aad7-d358f947c447,purge.new,available,488.98,601.98,high,medium,5,namecheap,,,09/09/2026 06:19
0dbc2909-3ee6-47dd-8b3f-1f9a855525cc,bassist.new,available,488.98,601.98,medium,low,7,namecheap,,,22/09/2026 12:26
51613188-5872-456d-95df-8377cd242a4e,ago.new,available,488.98,601.98,high,low,3,namecheap,,,21/09/2026 23:15
1cc481b1-b302-40ea-8471-7215bc079dd6,prissy.new,available,488.98,601.98,medium,low,6,namecheap,,,04/09/2026 21:22
65715408-df2a-4613-acb2-566b3a90c6eb,impersonal.new,available,488.98,601.98,medium,low,10,namecheap,,,21/08/2026 22:13
ee16ac22-167f-4eb7-89ff-4c9adce91125,tips.new,available,549.99,549.99,high,low,4,name.com,,,19/09/2026 17:44
a600d490-91c6-41f9-b946-bd4d1c7df0f5,allegory.new,available,488.98,601.98,high,low,8,namecheap,,,18/09/2026 10:41
9c21aa9f-df1c-4fb4-a644-c58fea9fc839,casa.new,available,488.98,601.98,high,low,4,namecheap,,,28/09/2026 20:54
5bc411dd-072b-4069-9e80-f49a8d4f07be,scandent.new,available,488.98,601.98,medium,low,8,namecheap,,,09/09/2026 22:32
992a0b12-24d3-4d23-95dc-ba385d553f64,demonstrate.new,available,488.98,601.98,high,low,11,namecheap,,,28/09/2026 11:13
28eaf249-5b28-40a8-bd6f-1c96ed018242,hoffman.new,available,488.98,601.98,high,low,7,namecheap,,,25/09/2026 05:04
8a2f13bf-1d1b-49e7-98df-a546a7806808,patched.new,available,488.98,601.98,high,low,7,namecheap,,,08/09/2026 10:18
0dfa7f9e-0adf-4203-92ba-df7460194c46,motel.new,available,488.98,601.98,high,low,5,namecheap,,,25/09/2026 09:27
52fe360b-650a-493f-9037-822ef90c5cb2,lisbon.new,available,412.2,412.2,high,low,6,spaceship,,,29/09/2026 06:46
f46af171-ec11-45f6-b4fe-106a803a0573,allamanda.new,available,488.98,601.98,medium,low,9,namecheap,,,18/09/2026 09:50
1fea31a4-cd85-47f7-8ea7-36722d8b4605,grimy.new,available,488.98,601.98,medium,low,5,namecheap,,,09/08/2026 09:25
2af54719-d1a2-468c-a534-09075021c36c,bib.new,available,488.98,601.98,high,low,3,namecheap,,,23/09/2026 12:42
1d1d8a98-040c-468e-ac19-9ed7717b6f05,tame.new,available,488.98,601.98,high,low,4,namecheap,,,11/09/2026 07:40
da341c37-b7a2-4d52-8825-90800d5faabe,alkanet.new,available,488.98,601.98,medium,low,7,namecheap,,,18/09/2026 08:26
9970ec61-ec8d-4756-8b57-3f613376cb7c,auld.new,available,488.98,601.98,medium,low,4,namecheap,,,07/08/2026 17:21
e7dcb229-7c0a-4d7c-8149-f04b084e4e6d,ecumenical.new,available,488.98,601.98,medium,low,10,namecheap,,,15/08/2026 04:38
cd9f7f89-ccd6-448b-a9d3-23869a08f974,fernando.new,available,488.98,601.98,high,low,8,namecheap,,,25/09/2026 14:20
a9e068cc-c1f4-4279-a8fb-7107689c0e6d,discussing.new,available,488.98,601.98,medium,low,10,namecheap,,,27/09/2026 11:01
7fac2cde-9da0-403e-9912-c5e9747c2fca,cattie.new,available,488.98,601.98,medium,low,6,namecheap,,,11/08/2026 22:14
631cfb85-c1ef-4022-8459-fa600d0f87b0,bronzy.new,available,488.98,601.98,medium,low,6,namecheap,,,11/08/2026 05:39
4372755f-61b4-47b0-a6e8-124225f918ad,halo.new,available,412.2,412.2,high,medium,4,spaceship,,,28/09/2026 21:17
d0fdd81a-f6d1-410b-bd07-9465b9bf0c63,tagore.new,available,488.98,601.98,medium,low,6,namecheap,,,30/09/2026 02:38
7fd978de-e249-49ff-a5d4-ac27828da0d2,batholith.new,available,488.98,601.98,medium,low,9,namecheap,,,22/09/2026 13:43
0fea67fa-5236-4e00-8c6c-dac42190d456,amusive.new,available,488.98,601.98,medium,low,7,namecheap,,,
385fd018-9848-4856-a316-79bb622bf68d,blindness.new,available,488.98,601.98,high,low,9,namecheap,,,29/09/2026 17:58
802d9a55-5ee5-44f3-8403-075692a5e826,checkers.new,available,488.98,601.98,high,low,8,namecheap,,,24/09/2026 13:59
da35f17b-91a9-4181-adee-b36580253397,benadryl.new,available,488.98,601.98,high,medium,8,namecheap,,,23/09/2026 07:35
3fef34d7-26c1-4c03-809f-2055e879f724,aladdin.new,available,412.2,412.2,high,medium,7,spaceship,,,28/09/2026 20:01
7da44f5e-0317-4f21-aa77-cbd55104817f,ragamuffin.new,available,488.98,601.98,medium,low,10,namecheap,,,11/09/2026 09:09
7ecc0ec1-97b2-4ce2-a32a-6b26bcf38516,tiresome.new,available,488.98,601.98,medium,low,8,namecheap,,,10/08/2026 20:03
891f7ab2-dfd4-4d22-80ca-b9bc61f86737,protean.new,available,488.98,601.98,high,low,7,namecheap,,,09/09/2026 04:06
908c9cfd-67cf-4df1-b13b-110325d7d4b1,somnolent.new,available,488.98,601.98,medium,low,9,namecheap,,,10/09/2026 11:38
3c60a118-8381-4c1b-807e-1265fd62e8c6,own.new,available,488.98,601.98,high,high,3,namecheap,,,26/09/2026 03:33
8ce2ce92-c9b5-45cd-a348-866b044cffc1,ambitions.new,available,488.98,601.98,medium,low,9,namecheap,,,20/09/2026 04:21
bc4cd128-42c3-4565-beb3-900494e64db1,antler.new,available,488.98,601.98,high,low,6,namecheap,,,19/09/2026 15:20
04c1189b-9183-4700-b91c-479aa9b8c74d,aqueduct.new,available,488.98,601.98,high,low,8,namecheap,,,19/09/2026 23:10
683ef75f-0773-4534-aa7f-1d99e2faa1dc,homosexuality.new,available,412.2,412.2,high,low,13,spaceship,,,29/09/2026 10:16
d9c6408c-87f5-4506-9d96-94f633dfd414,minneapolis.new,available,412.2,412.2,high,low,11,spaceship,,,29/09/2026 15:27
bc6b904f-2225-43ea-ab5e-b046d0e0127c,prow.new,available,488.98,601.98,medium,low,4,namecheap,,,18/08/2026 11:28
d57416f6-6e24-4259-853f-1dcf91aaca88,happen.new,available,488.98,601.98,high,low,6,namecheap,,,25/09/2026 06:00
75d5293b-0cab-4d18-bb51-c81b2c5ef285,catalonia.new,available,488.98,601.98,medium,low,9,namecheap,,,28/09/2026 09:16
77515812-f471-48d9-b01b-51ad58c6f5a5,unsworn.new,available,488.98,601.98,medium,low,7,namecheap,,,12/09/2026 20:53
52bd1c78-6707-46c7-ab12-73e2e5a73b1a,handing.new,available,412.2,412.2,medium,low,7,spaceship,,,28/09/2026 11:31
351f2db7-5214-4f4e-ba31-dd44a9b49dc5,abelian.new,available,412.2,412.2,high,low,7,spaceship,,,29/09/2026 08:39
4b143ccd-c0be-4f36-a22b-8568055a0fff,exothermic.new,available,488.98,601.98,medium,low,10,namecheap,,,17/08/2026 17:46
c65758c3-e27d-4508-9c2b-f317619fa8bf,wyatt.new,available,488.98,601.98,high,low,5,namecheap,,,25/09/2026 07:54
afc3a943-293f-4cd7-a52a-80eab0326ab5,jaw.new,available,488.98,601.98,high,low,3,namecheap,,,27/09/2026 03:31
a2ebd04a-3715-4746-8b22-780598298a2d,paget.new,available,412.46,412.46,medium,low,5,porkbun,,,29/09/2026 01:47
17f73259-041f-4db1-8a5a-5530712771c7,unknown.new,available,488.98,601.98,high,low,7,namecheap,,,03/09/2026 12:55
9b9bda99-6b99-444a-b64b-052353a8bae7,prodromic.new,available,488.98,601.98,medium,low,9,namecheap,,,09/09/2026 02:46
f413975b-9c74-48d0-8508-5cd2050b60da,cricket.new,available,488.98,601.98,high,low,7,namecheap,,,29/09/2026 12:00
fadbf81a-9adb-4c08-aeaa-43d5d0e0ad99,yielded.new,available,488.98,601.98,medium,low,7,namecheap,,,18/09/2026 03:02
88c27749-5fd6-41e1-aca0-55d73117f5ca,criticise.new,available,549.99,,high,low,9,name.com,,,
e6cfe2da-04d0-4791-a1de-4afec97b072e,personals.new,available,488.98,601.98,medium,low,9,namecheap,,,08/09/2026 05:02
7ce7bcde-10f3-4e09-8b4a-d6333b8e7031,unrelated.new,available,488.98,601.98,medium,low,9,namecheap,,,12/09/2026 18:04
f3466a4f-052a-45ca-a25e-ec491ff4a2b7,balzac.new,available,488.98,601.98,high,low,6,namecheap,,,22/09/2026 00:32
afd32c94-0fd9-4e1b-81a0-bced2b0609a4,aphelion.new,available,488.98,601.98,medium,low,8,namecheap,,,19/09/2026 16:55
910e73b4-bcaf-4c1e-96cb-4c75a977efe0,clubable.new,available,488.98,601.98,medium,low,8,namecheap,,,12/08/2026 12:57
254d3f95-63a4-4a88-bae0-8b38a03f98e1,humongous.new,available,488.98,601.98,medium,low,9,namecheap,,,08/08/2026 12:58
3aa0a289-c556-4f39-94a9-5f9b7b83ce21,abdominous.new,available,488.98,601.98,medium,low,10,namecheap,,,
6df7a1b2-a51c-4dc1-b884-2148ae81b06b,nance.new,available,488.98,601.98,medium,low,5,namecheap,,,09/09/2026 08:05
5b6baee8-0a45-4586-907a-975d806b233d,nephew.new,available,549.99,,high,low,6,name.com,,,
1f16f020-c22a-424a-bcfa-609f82cdcff7,mechanical.new,available,488.98,601.98,high,low,10,namecheap,,,25/09/2026 18:43
09699970-8e41-4c09-a3d8-5e2af93440be,foiled.new,available,488.98,601.98,medium,low,6,namecheap,,,14/08/2026 09:27
93392cc6-43c3-4b48-9cb9-09d25b30c715,tattle.new,available,488.98,601.98,medium,low,6,namecheap,,,23/09/2026 23:36
8886fbd5-5903-4bf8-b913-7dec64f83087,beethoven.new,available,488.98,601.98,high,low,9,namecheap,,,23/09/2026 01:53
15b2e816-3958-4903-a05e-d8491572a716,ominous.new,available,488.98,601.98,medium,low,7,namecheap,,,24/08/2026 20:00
d0ee901a-727a-4a27-a4c0-44479e8e012f,markoff.new,available,488.98,601.98,medium,low,7,namecheap,,,19/09/2026 04:18
acab4e1d-2c68-4346-9c0a-6f98a2564447,masked.new,available,488.98,601.98,high,low,6,namecheap,,,12/08/2026 11:32
2c5aac71-d694-4352-ae02-dfa4945871a7,sadness.new,available,549.99,,high,low,7,name.com,,,
c9cf9521-381a-45d3-895e-7f76742ae19e,satan.new,available,412.2,412.2,high,low,5,spaceship,,,29/09/2026 01:53
edbf22a7-dfbd-4d97-bb21-744e9cfec584,harmonized.new,available,488.98,601.98,high,low,10,namecheap,,,12/08/2026 22:50
0d181d2a-98bb-4d3d-aefe-8f8f7190dfbd,snowed.new,available,488.98,601.98,medium,low,6,namecheap,,,20/09/2026 16:23
8e654626-5f81-4014-9b9d-62d837b5bbe5,rasta.new,available,488.98,601.98,high,medium,5,namecheap,,,09/09/2026 10:30
ab262eee-6684-401c-bf4d-69eaf4abfcb3,haywire.new,available,488.98,601.98,medium,low,7,namecheap,,,
771233a0-c78c-4d16-9deb-a0097508bc4a,astrologer.new,available,488.98,601.98,high,low,10,namecheap,,,20/09/2026 17:47
a9c606e2-d812-4c5a-bd2a-aa5600cbd732,acetylene.new,available,488.98,601.98,medium,low,9,namecheap,,,17/09/2026 00:22
5bdaa49e-3405-4d3c-af37-a2e5e4e0155c,briefcase.new,available,412.2,412.2,high,low,9,spaceship,,,29/09/2026 04:11
94fce311-1a2c-4992-bccf-cfd901b6cfa2,suburb.new,available,412.2,412.2,high,low,6,spaceship,,,30/09/2026 02:59
42b435fd-5ac4-40b6-b15a-8c0ceea6c820,sherlock.new,available,412.2,412.2,high,low,8,spaceship,,,28/09/2026 15:08
c14680e1-123b-4e7c-9566-d16bb7176b33,par.new,available,412.2,412.2,high,low,3,spaceship,,,29/09/2026 00:49
ac7d0444-f1db-4d18-9495-c30dcdb74d6b,periods.new,available,412.2,412.2,medium,low,7,spaceship,,,28/09/2026 18:01
b94eaac0-6ff0-4e73-8331-7598a324e221,porous.new,available,488.98,601.98,medium,low,6,namecheap,,,21/08/2026 10:25
5b5ca3c2-62cb-4300-86c2-8e78cfdeb70a,sees.new,available,488.98,601.98,medium,low,4,namecheap,,,
d49c147f-2c75-49bb-8c65-02c198c1659d,crystal.new,available,488.98,601.98,high,low,7,namecheap,,,29/09/2026 12:25
6b99365b-14b1-4f33-9bb0-c0ea3db3cb41,tantric.new,available,488.98,601.98,high,low,7,namecheap,,,11/09/2026 08:05
efad4e54-f0c7-4fe0-b94e-c5ef187d4487,washable.new,available,488.98,601.98,high,low,8,namecheap,,,13/09/2026 08:29
97cbda93-c9c4-4be7-8c10-fc35ace9292b,renting.new,available,412.2,412.2,high,low,7,spaceship,,,29/09/2026 13:46
a5389a75-f5f6-43b5-9c8c-d15fc02dd57a,oran.new,available,488.98,601.98,high,low,4,namecheap,,,29/09/2026 07:47
deaa2afe-a9bf-429f-a55d-07c7ca12783e,cannoneer.new,available,488.98,601.98,medium,low,9,namecheap,,,20/09/2026 11:44
c27e4261-8313-40ae-96ae-7d16fa7cf301,scarf.new,available,412.2,412.2,high,low,5,spaceship,,,28/09/2026 20:23
17dd87c9-9ec7-40bf-846f-45fe9d568dfc,chamfer.new,available,488.98,601.98,medium,low,7,namecheap,,,23/09/2026 12:00
0dd3f669-bdbc-40af-b4e5-3cebd63ae90c,como.new,available,488.98,601.98,high,low,4,namecheap,,,27/09/2026 07:01
b1746809-e1db-43f7-97c6-b21f9947237a,combustion.new,available,488.98,601.98,high,low,10,namecheap,,,11/08/2026 10:57
1ccfbc0e-4760-446e-94f9-593eebc45fa5,squeak.new,available,488.98,601.98,high,low,6,namecheap,,,24/09/2026 15:54
3f561713-ea09-46e9-9887-fb34ada63403,twelfth.new,available,488.98,601.98,high,low,7,namecheap,,,
53912ca5-8c2f-47d6-bd67-45ad5be0552f,normalization.new,available,412.2,412.2,medium,low,13,spaceship,,,29/09/2026 09:26
7ec96c8d-ca24-4747-8f70-53811a19865b,anecdote.new,available,488.98,601.98,high,low,8,namecheap,,,19/09/2026 05:07
ef97b3c6-bb49-4b45-8801-f79433109546,austenite.new,available,488.98,601.98,medium,low,9,namecheap,,,21/09/2026 04:39
b1bfc678-338a-47fe-9ec1-1c64ce0e29aa,spends.new,available,412.2,412.2,medium,low,6,spaceship,,,28/09/2026 08:36
b5aa53d1-5806-438d-9d94-722f4cb0a0e0,epicurean.new,available,488.98,601.98,high,low,9,namecheap,,,17/08/2026 10:40
ac1a3adb-d760-4c96-bf0f-be4d1aea3196,trolling.new,available,549.99,,medium,low,8,name.com,,,
3eb81e1e-cb76-4896-aca5-e5d01a8732b0,nonlinear.new,available,488.98,601.98,high,low,9,namecheap,,,03/09/2026 19:44
9834908a-5482-4bd7-9779-09e6d4fbc00b,focused.new,available,412.2,412.2,high,low,7,spaceship,,,28/09/2026 05:57
bfd74512-1f09-4b59-9323-c0125ec85e06,baht.new,available,488.98,601.98,high,low,4,namecheap,,,21/09/2026 18:46
4c04f228-75f3-47f5-bcec-fd261c82406e,hilly.new,available,488.98,601.98,high,low,5,namecheap,,,13/08/2026 04:46
3539df53-4662-4793-807d-552ad1c057d7,flavorful.new,available,488.98,601.98,high,low,9,namecheap,,,18/08/2026 07:04
5963a21b-6810-4a13-beaf-690f8796c4a9,suppliant.new,available,488.98,601.98,medium,low,9,namecheap,,,11/09/2026 02:30
a5f0d89b-8790-4c4b-b663-80f4d5b1bbf4,predatory.new,available,488.98,601.98,medium,low,9,namecheap,,,24/08/2026 15:43
aae00e35-a900-4a85-8773-93d1d160b21d,postscript.new,available,488.98,601.98,high,low,10,namecheap,,,17/09/2026 06:45
c52ec7dc-ecea-4211-8022-798e91f38e79,publicized.new,available,488.98,601.98,high,low,10,namecheap,,,27/09/2026 08:05
8c7d7107-f817-49bd-8335-058d5684089d,jacqueline.new,available,412.2,412.2,high,low,10,spaceship,,,29/09/2026 03:58
9e2effce-2f6f-4e34-af48-f85c861ba7fc,staged.new,available,488.98,601.98,high,low,6,namecheap,,,10/09/2026 18:02
ad9a55f6-cf90-4694-9f74-d1b474ea68fe,unflawed.new,available,488.98,601.98,medium,low,8,namecheap,,,18/08/2026 07:21
c0623080-7e01-4efc-b2df-0820cbbd7344,autogeny.new,available,488.98,601.98,medium,low,8,namecheap,,,16/09/2026 15:57
a09f042c-994f-4d5a-84fb-6c70b5be6faa,shower.new,available,488.98,601.98,high,low,6,namecheap,,,28/09/2026 06:02
f72698f4-0c5d-4f7f-8e84-0905465cdfab,herod.new,available,412.2,412.2,medium,low,5,spaceship,,,28/09/2026 14:26
5b5c7c2f-479a-4608-951e-7cc526f3cf5f,favoritism.new,available,488.98,601.98,high,low,10,namecheap,,,24/09/2026 22:35
09fcc4c0-1fe4-4b13-b6a1-08a005a4041f,illustrious.new,available,412.2,412.2,high,low,11,spaceship,,,29/09/2026 21:10
a90df32b-5295-4fac-bd32-a8747b4b24cb,rangy.new,available,488.98,601.98,medium,low,5,namecheap,,,18/08/2026 20:13
efd1dddb-ea84-4b63-a7df-2f761cb3e700,moderator.new,available,549.99,,high,low,9,name.com,,,
c69100e0-ce45-4828-b3c8-3567a4615bf1,taboo.new,available,488.98,601.98,high,low,5,namecheap,,,18/08/2026 11:03
84b2092a-cc55-4b7a-b4dc-e0141b7c70e9,eolithic.new,available,488.98,601.98,medium,low,8,namecheap,,,17/08/2026 10:10
afd07a03-0891-44f9-8a70-dbfee7d0897f,lxxxviii.new,available,488.98,601.98,medium,low,8,namecheap,,,
b9b05a4c-2953-4f1c-ad8f-98ba57b657cd,fluffy.new,available,488.98,601.98,high,low,6,namecheap,,,14/08/2026 17:46
978aba5d-9448-4fbd-909f-ba9027080fda,overeager.new,available,488.98,601.98,medium,low,9,namecheap,,,04/09/2026 20:31
d05f1be6-1680-4de1-834d-3db33653603b,drew.new,available,488.98,601.98,high,low,4,namecheap,,,25/09/2026 00:05
539ba5c5-addc-4b70-8b4e-ff58b72821be,augeas.new,available,488.98,601.98,medium,low,6,namecheap,,,21/09/2026 03:15
e345a026-35d7-4a15-821b-db3a9a96d6b2,boxlike.new,available,488.98,601.98,medium,low,7,namecheap,,,10/08/2026 23:56
75a8ec32-6973-4c21-9e8a-5db440b749e1,subdivision.new,available,412.2,412.2,high,low,11,spaceship,,,29/09/2026 21:00
dbc3643a-8b64-4475-8fb2-5db33b4b31ab,thoughtless.new,available,549.99,,medium,low,11,name.com,,,
2c8eba6f-ef80-4b12-8d50-12e87657a117,stints.new,available,488.98,601.98,medium,low,6,namecheap,,,20/09/2026 14:23
77295146-c165-463d-9fc5-9080fd0ba5b0,bronze.new,available,488.98,601.98,high,low,6,namecheap,,,23/09/2026 09:58
48b5d42a-ea8d-4c45-b807-e3fca7996b64,shed.new,available,488.98,601.98,high,low,4,namecheap,,,23/09/2026 12:18
98146477-de6a-48d1-bde5-18990a1ee0a6,prototype.new,available,488.98,601.98,high,low,9,namecheap,,,28/09/2026 14:03
d7799fea-7865-432f-b570-b80e32da7363,grammar.new,available,412.2,412.2,high,low,7,spaceship,,,29/09/2026 21:08
2b3b53a4-9a13-4a09-ae4c-f757ff48ffab,certify.new,available,488.98,601.98,high,low,7,namecheap,,,24/08/2026 15:04
b03dd9ac-f7e3-45a7-9994-212bd9fc9f36,actifed.new,available,488.98,601.98,high,medium,7,namecheap,,,17/09/2026 04:37
3e81d107-db00-4184-b716-cd6acd359a52,mak.new,available,412.2,412.2,high,low,3,spaceship,,,29/09/2026 13:22
9e0372bc-30e4-4d51-8c65-6a203ac74ed1,mobs.new,available,488.98,601.98,medium,low,4,namecheap,,,18/09/2026 05:11
e7ca73de-24c6-4a77-a19d-60685f035254,lucania.new,available,488.98,601.98,medium,low,7,namecheap,,,22/09/2026 10:51
0c4514ab-896e-4e44-bac5-ceed827b3686,severity.new,available,488.98,601.98,medium,low,8,namecheap,,,20/09/2026 14:57
7e758a3b-5773-40d0-8514-688610150701,ochre.new,available,488.98,601.98,high,low,5,namecheap,,,04/09/2026 00:33
c60dea08-6460-444b-b417-c074d3ff16f4,birdcall.new,available,488.98,601.98,high,low,8,namecheap,,,23/09/2026 20:35
feceb825-b6bf-4994-8317-14d3e85e7ae2,accusation.new,available,412.2,412.2,medium,low,10,spaceship,,,28/09/2026 17:30
8be71c57-5f56-428d-9456-a48f05a1d706,consensus.new,available,488.98,601.98,high,low,9,namecheap,,,29/09/2026 11:05
af21b17b-d8c1-46ab-9eba-63d33b60e212,hemorrhage.new,available,488.98,601.98,high,low,10,namecheap,,,24/09/2026 05:28
6020333c-14dd-4a47-bdbd-07b17b5a8952,significance.new,available,412.2,412.2,high,low,12,spaceship,,,28/09/2026 08:20
8780894b-f202-49ac-9689-1ba581ec4eaa,winds.new,available,488.98,601.98,medium,low,5,namecheap,,,27/09/2026 22:44
82e901bd-d2d1-4cec-8411-17ced007908d,proactive.new,available,488.98,601.98,high,low,9,namecheap,,,27/09/2026 06:56
032e26e4-ba46-4a13-848e-e269825be524,rakish.new,available,549.99,549.99,medium,low,6,name.com,,,13/08/2026 17:34
91cd2eab-d2c3-479c-a8c6-9978bfb0ce44,nurture.new,available,488.98,601.98,high,low,7,namecheap,,,09/09/2026 11:05
237996f6-3bfb-4f2a-bad5-41021c8ce4dc,injured.new,available,488.98,601.98,high,low,7,namecheap,,,22/08/2026 05:38
ad2e0380-ed33-4d72-a7ed-3d9bf2537fde,band.new,available,412.46,412.46,high,low,4,porkbun,,,29/09/2026 00:56
76a8d45b-b6f0-478e-a355-8930ce9e2650,demanding.new,available,488.98,601.98,medium,low,9,namecheap,,,14/08/2026 01:06
b77c5fe6-2fc2-451c-9488-b392cd6ed475,ottawa.new,available,488.98,601.98,high,low,6,namecheap,,,24/09/2026 11:58
4a143a45-744d-44d0-8f9b-b9ae9cf6f855,barramundi.new,available,488.98,601.98,medium,low,10,namecheap,,,20/09/2026 14:04
331bf9af-d823-4f41-b4f1-a75de111b949,regard.new,available,488.98,601.98,high,low,6,namecheap,,,08/09/2026 11:00
a2f4550b-5460-436f-b62b-5dac436a45e4,frameworks.new,available,412.2,412.2,high,low,10,spaceship,,,28/09/2026 00:38
93f395d5-e974-4a46-8f11-9bc58e7aab42,margosa.new,available,488.98,601.98,medium,low,7,namecheap,,,20/09/2026 05:43
d14125af-385b-4169-a18a-21fe24e78598,tagged.new,available,488.98,601.98,high,low,6,namecheap,,,22/08/2026 17:17
d30c1845-4a42-48ab-8fcb-f496bc502b5f,trenchant.new,available,488.98,601.98,medium,low,9,namecheap,,,12/08/2026 10:33
d7456f62-1a97-43d8-bbcd-22393ccf9bcc,aspirant.new,available,488.98,601.98,medium,low,8,namecheap,,,07/08/2026 05:02
54998733-4851-48ed-958f-5b0f3820159c,affirmed.new,available,549.99,549.99,high,low,8,name.com,,,17/09/2026 14:27
330c6f0c-9240-4356-9c45-7827a3e66116,nibbed.new,available,488.98,601.98,low,low,6,namecheap,,,03/09/2026 16:57
5f1b916a-53a4-4c3f-8dd1-8309d6f2cb29,stabbing.new,available,488.98,601.98,medium,low,8,namecheap,,,22/08/2026 19:19
74b2c8c6-62f9-48bc-9bc0-f6be55e4cd9f,proofed.new,available,488.98,601.98,medium,low,7,namecheap,,,09/09/2026 03:24
c99dc9d0-8589-42e6-9a58-e87fa2a69980,revolutions.new,available,488.98,601.98,medium,low,11,namecheap,,,20/09/2026 15:34
8fe517ae-70ad-477a-9740-42d0755e97e5,solidly.new,available,488.98,601.98,medium,low,7,namecheap,,,16/09/2026 04:03
413b21c3-5138-471c-85d4-7f956d8b6dd6,lenten.new,available,488.98,601.98,medium,low,6,namecheap,,,22/08/2026 23:48
3f5cd503-2fd5-42b4-bb7a-964627fb7b36,planting.new,available,412.2,412.2,high,low,8,spaceship,,,28/09/2026 20:12
db67714c-327b-409d-a5e9-1c84dcef79a2,articled.new,available,488.98,601.98,medium,low,8,namecheap,,,06/08/2026 08:28
79a6c3d2-3757-4626-8f4d-052ba4ee2941,changeover.new,available,549.99,,high,low,11,name.com,,,
aa55d50c-730f-4900-9e58-68cea8a72c1d,newberry.new,available,488.98,601.98,medium,low,8,namecheap,,,28/09/2026 21:39
d76f1108-b0f2-4e13-ad82-4f8345d64bdf,symbolism.new,available,412.46,412.46,high,low,9,porkbun,,,30/09/2026 03:00
5f3ceade-9147-4d6c-aa55-6e036ce50d34,supreme.new,available,412.2,412.2,high,medium,7,spaceship,,,28/09/2026 02:04
d41c833b-58a8-40d5-a5bd-c9bf89153bc7,hull.new,available,412.2,412.2,high,low,4,spaceship,,,28/09/2026 01:42
94c883d4-0cfe-4afb-abfb-57ceee6b228f,epidemic.new,available,488.98,601.98,high,low,8,namecheap,,,24/09/2026 14:35
ff98e4de-847b-42f8-875b-265a78886407,dicky.new,available,488.98,601.98,medium,low,5,namecheap,,,14/08/2026 06:27
f81762df-1028-49c6-a79e-710b6d364f2d,users.new,available,488.98,601.98,high,low,5,namecheap,,,17/09/2026 23:19
53f7eb03-cbf4-4503-ad3f-e62ecd2f1c8b,antiques.new,available,412.2,412.2,medium,low,8,spaceship,,,29/09/2026 10:31
bf180677-c28b-4faf-947f-7a4c125c448a,nitric.new,available,488.98,601.98,medium,low,6,namecheap,,,08/08/2026 02:58
d318ca35-76c5-4b70-8570-c346b7d075de,hic.new,available,549.99,,high,low,3,name.com,,,
832123b7-f419-43e7-8288-3519bfd47b4e,greeting.new,available,412.2,412.2,high,low,8,spaceship,,,28/09/2026 14:22
79a0495d-73c8-44be-88cb-663cd3436e71,numerable.new,available,488.98,601.98,medium,low,9,namecheap,,,13/08/2026 03:32
3b9c27f2-4414-4b53-8124-9b779ce8c3cc,rok.new,available,412.2,412.2,high,low,3,spaceship,,,29/09/2026 08:31
0b838092-2a37-4a54-9e7e-d5b32a942673,belonged.new,available,488.98,601.98,medium,low,8,namecheap,,,27/09/2026 10:31
04860d9e-16bb-48ee-a555-dc6d5a1e2bab,crested.new,available,488.98,601.98,high,low,7,namecheap,,,13/08/2026 06:20
037ccc82-306a-4aff-949f-d793b045a20e,ventilation.new,available,412.46,412.46,high,low,11,porkbun,,,29/09/2026 04:52
088e9d34-e50a-4791-b408-0be59edade30,bender.new,available,488.98,601.98,high,low,6,namecheap,,,23/09/2026 07:44
180e48b4-06a6-4a27-bfd5-2859a02e971e,contraction.new,available,412.2,412.2,high,low,11,spaceship,,,29/09/2026 10:10
e302f76f-41c6-429d-8a18-ee57e9079d3a,brilliant.new,available,488.98,601.98,high,low,9,namecheap,,,23/09/2026 02:12
6856925c-3ec9-4550-93b7-7b68430db169,deng.new,available,412.2,412.2,high,low,4,spaceship,,,27/09/2026 20:32
bdb51738-1726-4327-94f9-4da7fc7e7175,barde.new,available,488.98,601.98,medium,low,5,namecheap,,,22/09/2026 05:12
5189ad53-08fb-4e1b-a8be-e07682003397,virtual.new,available,412.2,412.2,high,low,7,spaceship,,,28/09/2026 04:49
ad1daf74-04cf-441a-a48c-57d9710e5b75,atmospheric.new,available,412.2,412.2,high,low,11,spaceship,,,29/09/2026 21:02
83044a02-6edb-49c1-8e31-9561ee4aba9c,morale.new,available,412.2,412.2,high,low,6,spaceship,,,28/09/2026 19:07
3530397a-b227-4b78-957f-93ff1ce14a43,evasive.new,available,488.98,601.98,medium,low,7,namecheap,,,17/08/2026 14:47
44f1171e-8677-4816-99e2-40b471d34938,lombardy.new,available,412.2,412.2,medium,low,8,spaceship,,,28/09/2026 10:16
ee31013e-9e71-4a10-b52b-59ea8d9b5d1e,somehow.new,available,412.2,412.2,medium,low,7,spaceship,,,28/09/2026 15:41
3431acac-fc3e-44b4-9e6e-579e4aa3fd95,unitarian.new,available,488.98,601.98,high,low,9,namecheap,,,12/09/2026 13:56
ebbb3458-e5cd-4926-8516-c2689bf600e1,napkins.new,available,549.99,549.99,medium,low,7,name.com,,,21/09/2026 05:52
9295f400-aee9-445f-8e48-cd9815d87e1a,markings.new,available,412.2,412.2,medium,low,8,spaceship,,,29/09/2026 10:28
110413ee-f915-4a08-8c25-a922f18a7b51,priceless.new,available,488.98,601.98,high,medium,9,namecheap,,,25/09/2026 11:03
fbe29b19-9036-41be-b69c-a57d911b127f,brotherhood.new,available,549.99,,high,low,11,name.com,,,
b4eaec93-8ee3-409a-9070-dc3d516cf793,sinhalese.new,available,488.98,601.98,high,medium,9,namecheap,,,10/09/2026 08:23
4f05a60e-b21b-4318-822a-192fae8201cb,handicapped.new,available,412.2,412.2,medium,low,11,spaceship,,,29/09/2026 03:14
a7dfddbd-5327-4d4a-9c58-6b814057e588,essex.new,available,488.98,601.98,high,low,5,namecheap,,,25/09/2026 05:41
c98908d6-d357-40e5-8647-10d64b3db987,lays.new,available,412.2,412.2,medium,low,4,spaceship,,,29/09/2026 05:27
2e57d07a-a2fc-4b5e-91ea-39a1be6d0f6f,eli.new,available,412.2,412.2,high,low,3,spaceship,,,27/09/2026 18:02
8aad3f54-0be9-4597-9f92-48856dfa1b7d,rasping.new,available,488.98,601.98,medium,low,7,namecheap,,,20/08/2026 18:29
395efb3e-3e17-494b-8119-b0672344b403,esthetical.new,available,488.98,601.98,high,low,10,namecheap,,,21/09/2026 21:22
215605a0-524c-4def-bc80-44d4a377273e,fours.new,available,549.99,549.99,high,low,5,name.com,,,20/09/2026 08:08
10f99192-0053-4b84-b552-2248ec73671f,blamed.new,available,488.98,601.98,medium,low,6,namecheap,,,10/08/2026 12:39
d912f728-c059-477a-b99b-93a55652cc58,crisscross.new,available,488.98,601.98,high,low,10,namecheap,,,13/08/2026 07:25
b39ac346-8355-41eb-be2e-1a8335ba8dc6,strategic.new,available,412.2,412.2,high,low,9,spaceship,,,28/09/2026 01:36
dda9dad6-abfa-4fae-8fd4-ae7d12cdf633,inharmonic.new,available,488.98,601.98,low,low,10,namecheap,,,14/08/2026 10:54
5af85560-cb45-4f76-8317-b8d915da4bbb,nourishing.new,available,488.98,601.98,high,low,10,namecheap,,,19/09/2026 17:50
de2934d3-1782-4ef2-ba1d-aa00cf85585c,affair.new,available,488.98,601.98,high,low,6,namecheap,,,17/09/2026 13:59
2033bf7d-1c1d-4939-a31e-f41b7b4dd70b,convent.new,available,412.2,412.2,high,low,7,spaceship,,,29/09/2026 11:58
450e1e82-d487-4519-aa76-d7843f2660d9,highborn.new,available,488.98,601.98,medium,low,8,namecheap,,,13/08/2026 01:48
eb294aeb-e020-4be6-a533-c717cf236871,colorless.new,available,488.98,601.98,medium,low,9,namecheap,,,12/08/2026 17:53
fcf81cc0-6f8d-4e9e-b057-0192228c8edc,taut.new,available,488.98,601.98,high,low,4,namecheap,,,11/09/2026 09:17
359d34e1-4ab9-4d36-9a44-fb300ae859ab,travelled.new,available,412.2,412.2,high,low,9,spaceship,,,28/09/2026 09:32
b74a804e-1e4a-41a8-ae46-65c3cda6b859,productivity.new,available,412.2,412.2,high,low,12,spaceship,,,29/09/2026 23:18
84ad614c-f406-4da6-a970-6a43e555ee85,picnic.new,available,488.98,601.98,high,low,6,namecheap,,,24/09/2026 14:34
067cbf83-8d2a-4eb9-b41f-c60613034feb,anas.new,available,488.98,601.98,high,low,4,namecheap,,,19/09/2026 02:30
740ff08a-30fe-4afe-87a6-1ba7ff7d4ec6,pest.new,available,412.2,412.2,medium,low,4,spaceship,,,28/09/2026 18:26
0074e529-fc5d-4abf-9c82-6e88759bb71f,benedick.new,available,488.98,601.98,high,low,8,namecheap,,,23/09/2026 07:51
556b29f3-6a2c-4642-a03a-b58e925ef34d,tonight.new,available,488.98,601.98,high,low,7,namecheap,,,16/09/2026 08:54
82bfb35e-7860-401e-9288-d991acb8dad7,sheriff.new,available,412.2,412.2,high,low,7,spaceship,,,27/09/2026 15:50
ecf63e08-539a-4330-bdd2-a7f84db2f022,grandmothers.new,available,488.98,601.98,medium,low,12,namecheap,,,20/09/2026 18:06
ce4ec4e0-55d7-4db9-9dfc-81849f07030d,unguarded.new,available,488.98,601.98,medium,low,9,namecheap,,,12/09/2026 11:39
a5d00dca-3ee3-4bae-894b-3226f89af27d,obedience.new,available,412.46,412.46,high,low,9,porkbun,,,29/09/2026 13:35
9e7680b5-e937-4586-bb82-43648ea91e3b,whom.new,available,549.99,,medium,low,4,name.com,,,
91eb1920-0b21-424f-a611-c6a949c86038,norm.new,available,488.98,601.98,high,low,4,namecheap,,,22/09/2026 14:30
aa38f0cf-7761-41cc-a30c-2c131e4f7c26,domino.new,available,488.98,601.98,high,low,6,namecheap,,,19/09/2026 15:22
907ccc5f-805f-4dda-b5bf-2e560a62d90c,grandpa.new,available,412.2,412.2,high,low,7,spaceship,,,29/09/2026 21:12
72ab8f3d-265d-475c-9316-1e14cb3b7709,elliot.new,available,488.98,601.98,high,low,6,namecheap,,,25/09/2026 21:48
ca15f74e-2b45-4b39-a0d9-718cb752b935,mingy.new,available,488.98,601.98,low,low,5,namecheap,,,24/08/2026 23:43
089874e5-3a11-46aa-834c-54e66e4c0070,aesthesis.new,available,488.98,601.98,medium,low,9,namecheap,,,17/09/2026 13:32
5909e652-22ae-4df5-9975-3a42c616564c,unhurried.new,available,488.98,601.98,high,low,9,namecheap,,,12/09/2026 12:39
44add0b7-4cd6-4fa5-971b-a28e30bb8234,bendable.new,available,488.98,601.98,medium,low,8,namecheap,,,09/08/2026 14:07
0f77ca20-906c-4a07-805b-e3a8af3f6236,lazy.new,available,488.98,601.98,high,low,4,namecheap,,,17/08/2026 20:54
4a8bdef9-5654-4cc2-93d5-6211462eb0bd,holidays.new,available,488.98,601.98,high,low,8,namecheap,,,20/09/2026 04:47
ba882571-b473-417f-93a3-0f54d9fd53ef,murderers.new,available,412.46,412.46,low,low,9,porkbun,,,28/09/2026 23:41
76901a47-6131-4869-b961-6fd61ad7a4ae,bannister.new,available,488.98,601.98,high,low,9,namecheap,,,22/09/2026 00:23
0aa18c90-214d-48b0-ac0b-7541bf5175aa,including.new,available,549.99,,medium,low,9,name.com,,,
0169144e-4b53-44a8-ad6e-8147a4da0802,rep.new,available,549.99,,high,low,3,name.com,,,
318b3c88-c9c4-4305-b740-a72a777f6db1,krishna.new,available,412.2,412.2,high,low,7,spaceship,,,29/09/2026 07:26
44945522-8a90-4cba-bb35-9b10b8ba44a9,leisurely.new,available,488.98,601.98,high,low,9,namecheap,,,14/08/2026 23:02
fa182b2c-3020-455c-ad6f-5dd5b7f5bf99,swimsuits.new,available,488.98,601.98,medium,low,9,namecheap,,,18/09/2026 15:44
e7c99dcc-6e80-427b-8e3f-b4d8a731fe2c,assiduity.new,available,488.98,601.98,medium,low,9,namecheap,,,20/09/2026 16:21
75a829fe-4c36-4b6a-8845-312063be3200,shoat.new,available,488.98,601.98,high,medium,5,namecheap,,,08/09/2026 19:35
dbfda28c-209c-4440-8237-f2be2da52c14,tbsp.new,available,488.98,601.98,medium,low,4,namecheap,,,18/09/2026 08:20
186ab80a-71e2-4ff3-b654-869cd894ba86,closed.new,available,488.98,601.98,high,low,6,namecheap,,,12/08/2026 12:15
61a8b4a1-7824-498a-8c85-07fcee33f39b,transverse.new,available,488.98,601.98,high,low,10,namecheap,,,13/08/2026 07:54
aee6bcaa-a430-41fa-b7d3-013396720286,landscaped.new,available,488.98,601.98,high,low,10,namecheap,,,22/08/2026 19:30
f3f00d79-87bb-4b3f-97e4-4d9574ea9879,retracted.new,available,412.46,412.46,medium,low,9,porkbun,,,27/09/2026 13:32
b38eeef3-e2b5-4515-821b-83e3e5ac067d,eruption.new,available,488.98,601.98,high,low,8,namecheap,,,24/09/2026 15:18
0a162c0c-3c95-4dbf-951c-7a098396d559,teller.new,available,488.98,601.98,high,low,6,namecheap,,,22/09/2026 02:23
1962f5d1-6721-44fb-bd32-adadca08bfca,yucatan.new,available,412.2,412.2,high,low,7,spaceship,,,30/09/2026 03:11
63492667-8fc9-4be8-ab8a-7e6e77f2983f,ramsay.new,available,488.98,601.98,high,low,6,namecheap,,,25/09/2026 15:54
b8605b37-7b02-488c-8413-4f1485984b57,alignment.new,available,488.98,601.98,high,low,9,namecheap,,,18/09/2026 07:47
289b3945-1944-407f-9125-e6e06204e415,nell.new,available,412.2,412.2,medium,low,4,spaceship,,,28/09/2026 07:53
81bba2d1-b91c-4a6b-9d1e-928832931e4a,learner.new,available,488.98,601.98,high,low,7,namecheap,,,19/09/2026 22:19
4709fb80-37a8-448d-81f2-2cf73a955dff,swimmer.new,available,488.98,601.98,high,low,7,namecheap,,,22/09/2026 13:29
d44ba014-6bf9-45c2-a917-9d9d0a9b0d4f,moonshine.new,available,488.98,601.98,high,low,9,namecheap,,,10/08/2026 19:35
988a0e8c-7d7c-4817-9364-2bac0a2b48c5,judicial.new,available,488.98,601.98,high,low,8,namecheap,,,22/08/2026 14:14
937af0a7-8039-43d8-be91-918e6b08533a,roller.new,available,412.2,412.2,high,low,6,spaceship,,,29/09/2026 13:05
29f8cb1b-469a-4c22-b721-5e20141e08e5,competent.new,available,488.98,601.98,high,low,9,namecheap,,,23/09/2026 17:16
0c2ce663-2161-460b-8523-f26a36789689,mindfulness.new,available,412.2,412.2,high,low,11,spaceship,,,29/09/2026 10:40
5fdbc2af-8b28-4925-9b88-fbc2fec1163e,weblike.new,available,488.98,601.98,medium,low,7,namecheap,,,03/09/2026 16:06
0f5598d2-d033-4c91-a910-55c016405e70,skipping.new,available,412.2,412.2,high,low,8,spaceship,,,29/09/2026 08:59
741997a1-e068-4bff-b405-cb480238220b,pervious.new,available,488.98,601.98,high,low,8,namecheap,,,08/09/2026 18:09
74670209-84e1-4d62-9e19-7a239a8246fa,rejecting.new,available,412.2,412.2,low,low,9,spaceship,,,30/09/2026 00:04
8c67afbb-0e46-4324-a491-2a6836a6ae66,processing.new,available,412.2,412.2,high,low,10,spaceship,,,28/09/2026 15:08
d8b2c23a-279e-448e-a9e5-436bef409047,unmarried.new,available,488.98,601.98,medium,low,9,namecheap,,,12/09/2026 15:26
ff2d4053-ee28-40ef-8d45-86a1880f551c,tucker.new,available,488.98,601.98,high,low,6,namecheap,,,23/09/2026 08:24
a49b8de0-050e-447c-bff5-d5bced306e62,asmara.new,available,488.98,601.98,medium,low,6,namecheap,,,20/09/2026 14:27
5cdcb109-d95d-434b-96be-77423f5acc14,winterhaven.new,available,549.99,,medium,low,12,name.com,,,
ae4194e6-d165-4a52-8bbd-c92b74bd80a3,abnormal.new,available,488.98,601.98,high,low,8,namecheap,,,21/09/2026 14:04
45445687-bb76-40d8-8082-0819dcc881f9,creeping.new,available,412.2,412.2,medium,low,8,spaceship,,,29/09/2026 00:36
f6fe7d37-c4d4-4b6d-b616-d8c52be15507,levantine.new,available,488.98,601.98,medium,low,9,namecheap,,,23/08/2026 00:31
7740a3b9-8465-4a58-9340-07e90a686ba2,painted.new,available,488.98,601.98,high,low,7,namecheap,,,25/09/2026 23:19
b7f15a5c-6724-4e82-8391-d50a2b872688,films.new,available,488.98,601.98,high,low,5,namecheap,,,25/09/2026 17:41
59e2e75f-5a07-470e-b258-86ec4beaa295,alvarado.new,available,412.2,412.2,medium,low,8,spaceship,,,28/09/2026 16:06
ea2dfca3-f232-46ff-9bb8-2d8ecbcef7ad,columbo.new,available,488.98,601.98,medium,low,7,namecheap,,,18/09/2026 19:32
b65b87c2-a8fa-4b44-bfec-8ac38c6e6852,escorted.new,available,488.98,601.98,high,low,8,namecheap,,,29/09/2026 17:28
08cf2919-5e90-4644-b364-1cb0544746e8,stalk.new,available,549.99,549.99,high,low,5,name.com,,,19/09/2026 07:14
329eb396-ba52-470a-8a6b-6139b1119b59,humbly.new,available,488.98,601.98,high,low,6,namecheap,,,15/09/2026 01:22
f45b271c-c08f-4cbf-980d-98c3283f0ad8,annie.new,available,488.98,601.98,high,low,5,namecheap,,,25/09/2026 18:17
2aee598d-9a0e-44c4-b5e9-1e4b89ac32ca,shifted.new,available,412.2,412.2,medium,low,7,spaceship,,,29/09/2026 17:17
84419e9f-ba97-4b73-97df-45f7072bbfa2,downstairs.new,available,488.98,601.98,high,low,10,namecheap,,,14/08/2026 17:55
91b00e65-4f55-4728-93ad-a309afc00873,aimed.new,available,412.46,412.46,high,low,5,porkbun,,,29/09/2026 10:43
995cf7e8-8ade-4584-9e99-7d1d2453c875,venomed.new,available,488.98,601.98,medium,low,7,namecheap,,,13/09/2026 02:06
26718f8c-6878-4bd6-bd1e-d7a1f9e8ffc5,coronary.new,available,488.98,601.98,high,low,8,namecheap,,,13/08/2026 01:44
1784cd50-b388-4342-b9d8-445d7423f311,afferent.new,available,488.98,601.98,high,low,8,namecheap,,,
93a29063-783d-497a-bedb-d43a821382e8,ahl.new,available,412.2,412.2,high,low,3,spaceship,,,29/09/2026 10:25
bd8ac1c6-f29f-42f6-a9ea-78621792e0b7,tractors.new,available,488.98,601.98,medium,low,8,namecheap,,,21/09/2026 06:24
d4f015e2-73b9-4be1-89f8-d3840c308c78,fought.new,available,549.99,,medium,low,6,name.com,,,
df555364-3ed4-49be-89c5-7eac7d8705a8,yowl.new,available,488.98,601.98,medium,low,4,namecheap,,,23/09/2026 06:24
5f08b736-d559-4fb1-b93c-3c575d31d1fc,sandpapery.new,available,488.98,601.98,high,medium,10,namecheap,,,09/09/2026 21:13
e7ea25ba-1693-4d00-90dc-8b72ebb68572,casualty.new,available,412.2,412.2,medium,low,8,spaceship,,,28/09/2026 18:35
00d173db-d76a-457f-a2c4-296da890c3e7,reflected.new,available,488.98,601.98,high,medium,9,namecheap,,,09/09/2026 12:37
14cdcc53-cf34-44d1-80a9-1e4f4670205e,grapefruit.new,available,488.98,601.98,high,low,10,namecheap,,,24/09/2026 15:09
729e22f5-d039-4615-bf45-1a2026497904,gary.new,available,488.98,601.98,high,low,4,namecheap,,,25/09/2026 06:21
9343c6ce-e5ba-4ab5-b713-cd84049c1b01,gambler.new,available,412.2,412.2,high,low,7,spaceship,,,29/09/2026 01:03
3e8c36c0-0d0d-45d7-8a2a-967697b96515,interrupt.new,available,549.99,549.99,high,low,9,name.com,,,13/08/2026 12:38
06f13e89-4533-4f9a-8575-0c69a64697fe,abridger.new,available,488.98,601.98,medium,low,8,namecheap,,,16/09/2026 14:35
f78f302b-f861-417c-a986-e3046fe78bde,ophthalmic.new,available,488.98,601.98,medium,low,10,namecheap,,,04/09/2026 16:33
335b1173-e4da-4db6-a497-8c0dcdd1d7da,particularly.new,available,488.98,601.98,medium,low,12,namecheap,,,27/09/2026 08:28
c26bec94-ef3e-419c-8987-4209b1751483,afp.new,available,488.98,601.98,high,low,3,namecheap,,,17/09/2026 15:12
14dfd5aa-2238-4a4e-9842-3bc714e842a4,debra.new,available,412.2,412.2,medium,low,5,spaceship,,,28/09/2026 16:29
d96f49f8-0e12-44aa-a4e6-3e26b529c07f,subverter.new,available,488.98,601.98,medium,low,9,namecheap,,,09/09/2026 16:25
c0aa3277-137a-45d2-83f1-7071c419ecc4,smash.new,available,488.98,601.98,high,low,5,namecheap,,,22/09/2026 17:11
016912b3-4a2b-4a06-b414-49eac7612e1f,forget.new,available,549.99,,medium,low,6,name.com,,,
f8a15b21-d3eb-49fd-9a1f-4dade88e2ab9,lindsey.new,available,488.98,601.98,high,low,7,namecheap,,,25/09/2026 19:35
83413866-c27e-4b62-8a37-d308d83c8288,unaged.new,available,488.98,601.98,high,low,6,namecheap,,,12/09/2026 00:11
5b7d8cf4-7b9d-43eb-9f3b-2a748996e1c7,rasmussen.new,available,412.2,412.2,high,low,9,spaceship,,,28/09/2026 06:07
a0dab90d-99d6-40db-9350-f668e2840d8a,wishing.new,available,549.99,,high,low,7,name.com,,,
9fb0711c-ac87-40aa-acc8-810b465b4661,asala.new,available,488.98,601.98,medium,low,5,namecheap,,,16/09/2026 12:33
c6976555-e60a-4717-acff-2cb6059a702c,twice.new,available,488.98,601.98,medium,low,5,namecheap,,,28/09/2026 14:37
2906af0d-6c10-4a6b-9786-34443e5ad7d7,attached.new,available,488.98,601.98,high,low,8,namecheap,,,
61fd3974-f12d-445c-b100-e01cf46f3aac,habitually.new,available,488.98,601.98,medium,low,10,namecheap,,,14/09/2026 22:45
231c9f6f-b3f4-40e1-9f6e-08dd2417982b,millenary.new,available,488.98,601.98,medium,low,9,namecheap,,,24/08/2026 23:13
143e64c7-5199-4b83-ae88-2358e455bf71,blades.new,available,549.99,,high,low,6,name.com,,,
93574a19-2176-44b8-bc9e-f2d88d2794ea,societal.new,available,488.98,601.98,high,medium,8,namecheap,,,10/09/2026 13:11
4949edeb-aba6-4217-866b-302b583e752e,dryness.new,available,488.98,601.98,high,low,7,namecheap,,,24/09/2026 22:51
72ee6d57-a9b7-4e45-84e7-6b53498d054d,colon.new,available,488.98,601.98,high,low,5,namecheap,,,20/09/2026 15:16
af73a8f1-ee83-4353-b5bd-dd908c882df9,stomachic.new,available,488.98,601.98,medium,low,9,namecheap,,,18/08/2026 20:37
8f041577-b80c-49cf-b566-be7de113fccc,enjoys.new,available,488.98,601.98,medium,low,6,namecheap,,,28/09/2026 23:12
b0c691c2-b239-4fd6-8705-841654e19d52,tequila.new,available,412.2,412.2,high,low,7,spaceship,,,29/09/2026 20:30
eaac0cd8-50f6-4768-a448-ce8960c3c21c,infantile.new,available,488.98,601.98,high,low,9,namecheap,,,12/08/2026 05:04
23feed89-18da-40df-bf6e-431954ca3771,believed.new,available,488.98,601.98,medium,low,8,namecheap,,,17/09/2026 00:11
d618754e-3050-40df-887f-e4446bcce972,cave.new,available,488.98,601.98,high,low,4,namecheap,,,24/09/2026 13:21
254bf9a5-345c-4cf6-af74-79c702c46b7e,banjo.new,available,488.98,601.98,high,low,5,namecheap,,,22/09/2026 02:11
7922f726-3552-4d0c-9758-ebd96047c864,berlage.new,available,549.99,549.99,medium,low,7,name.com,,,23/09/2026 09:36
5fabc181-f3c4-46a2-8562-75e7d38bdca8,ahmad.new,available,488.98,601.98,high,low,5,namecheap,,,27/09/2026 07:37
74d865ce-9254-4cf0-9c89-4c3e5f702aac,autostrada.new,available,488.98,601.98,high,low,10,namecheap,,,21/09/2026 07:54
2da2bfed-37f7-416d-9255-a4c1d2e842c9,peachy.new,available,488.98,601.98,high,low,6,namecheap,,,08/08/2026 12:41
0d90fa68-b054-424f-939a-498437196f2d,imitative.new,available,488.98,601.98,medium,low,9,namecheap,,,13/08/2026 03:34
7531e069-94a2-4402-aa27-aa623ce205a6,mixologist.new,available,488.98,601.98,medium,low,10,namecheap,,,22/09/2026 06:27
5732d32d-ad7a-467a-b563-3f3b3bf6d6e5,dictatorship.new,available,412.2,412.2,high,low,12,spaceship,,,29/09/2026 14:18
05b372f0-95f4-4baa-b482-d89a7423b980,minsk.new,available,412.46,412.46,high,low,5,porkbun,,,28/09/2026 05:24
19de36d5-21d2-4198-99a5-f41da081ae31,preachy.new,available,488.98,601.98,high,medium,7,namecheap,,,09/09/2026 01:07
4cb0cecf-4452-4ce2-bfd9-d2617b63fcd4,destruction.new,available,488.98,601.98,medium,low,11,namecheap,,,27/09/2026 02:03
70f6b102-6466-40dd-b194-5fcdd475dca6,bigness.new,available,488.98,601.98,medium,low,7,namecheap,,,23/09/2026 15:14
db469432-719f-476b-927e-6b78b2583d60,attired.new,available,488.98,601.98,medium,low,7,namecheap,,,06/08/2026 04:47
8f9803d3-3406-4e3e-95e3-6dc73e966ca3,jabiru.new,available,488.98,601.98,medium,low,6,namecheap,,,23/09/2026 23:50
e70d5df7-da43-4474-8d67-88736c578a61,socialism.new,available,412.2,412.2,high,low,9,spaceship,,,29/09/2026 20:26
56d77054-7b2a-48ae-bddb-cf8687572733,karachi.new,available,412.2,412.2,high,low,7,spaceship,,,28/09/2026 02:13
7e3b4809-3684-4b94-9c88-5b8fe2666213,doting.new,available,488.98,601.98,high,low,6,namecheap,,,14/08/2026 16:28
51daf51b-780e-44e4-a7e1-c693a936de3f,penis.new,available,549.99,,high,low,5,name.com,,,
8aa77b7e-4c0c-4c2d-a7dc-9b9e27ed164f,almoner.new,available,488.98,601.98,medium,low,7,namecheap,,,18/09/2026 12:40
0bb3ed55-3297-49af-af32-7287c782a65e,eye.new,available,488.98,601.98,high,low,3,namecheap,,,23/09/2026 13:32
cb3690bd-ba03-4fc0-bea5-1041e21634e4,york.new,available,412.2,412.2,high,low,4,spaceship,,,29/09/2026 23:04
21a26736-5648-40ed-834a-3bf35fbb3a6e,arhant.new,available,488.98,601.98,medium,low,6,namecheap,,,20/09/2026 05:07
20a44470-9040-4705-a5f9-c28b0b0385c7,exhaust.new,available,412.2,412.2,high,low,7,spaceship,,,29/09/2026 18:34
ee2b64f9-9b06-45e5-a931-5d9667c40e0a,sensing.new,available,412.2,412.2,high,low,7,spaceship,,,29/09/2026 14:15
b93daa1a-0faf-4d81-b7ab-7ba841c5061b,poisoned.new,available,412.2,412.2,medium,low,8,spaceship,,,27/09/2026 17:38
9dae5492-a501-46e8-924b-40b31ecdfc8e,wittgenstein.new,available,412.46,412.46,medium,low,12,porkbun,,,29/09/2026 09:48
0e268f2d-ce06-4ca7-84ad-d090031f8d70,redemption.new,available,412.2,412.2,high,low,10,spaceship,,,29/09/2026 05:37
25909b47-caf6-47e9-b65a-b05aa44500f9,ill.new,available,488.98,601.98,high,low,3,namecheap,,,25/09/2026 07:33
2aa66ec1-6dfa-4127-99de-63420c929fd2,clientele.new,available,488.98,601.98,high,low,9,namecheap,,,24/09/2026 15:37
64cfd39d-dd63-4c5b-97c2-b6283eae919d,ignacio.new,available,488.98,601.98,medium,low,7,namecheap,,,28/09/2026 08:56
a897d658-73db-4850-bd45-e57139e17a63,abohm.new,available,488.98,601.98,medium,low,5,namecheap,,,16/09/2026 16:26
55ffcc13-0129-4428-8577-2377fd6df873,tornados.new,available,488.98,601.98,medium,low,8,namecheap,,,16/09/2026 14:12
9cfd1627-c6e6-4902-826a-d93daf388899,egocentric.new,available,488.98,601.98,medium,low,10,namecheap,,,15/08/2026 19:41
0585d14d-1b94-4381-84f1-581a7fef7bc0,apples.new,available,488.98,601.98,high,low,6,namecheap,,,18/09/2026 14:01
c22632a6-4841-45a4-86f3-b70032ec3ff7,violin.new,available,412.2,412.2,high,low,6,spaceship,,,28/09/2026 09:46
cd4beca0-fca2-405f-b1aa-f52ba97400d7,transylvania.new,available,412.2,412.2,high,low,12,spaceship,,,27/09/2026 18:35
cb3fd36d-c209-4fd5-a913-ab4d5293471c,shelby.new,available,488.98,601.98,high,low,6,namecheap,,,25/09/2026 15:30
23e5d603-c6f5-4df5-9316-51a4100341c3,changes.new,available,549.99,,medium,low,7,name.com,,,
0123e8ea-7c33-445e-b14a-54b4bab245be,allan.new,available,412.2,412.2,high,low,5,spaceship,,,28/09/2026 16:24
dbe1220b-82ef-4f98-a750-46755cf44617,pup.new,available,549.99,,high,low,3,name.com,,,
8975131d-cc27-4ba2-b8b7-01496e32b0dc,tectonic.new,available,488.98,601.98,high,low,8,namecheap,,,06/08/2026 15:47
89544ab4-1f50-4363-b958-f5ca41714f3a,consuming.new,available,488.98,601.98,high,low,9,namecheap,,,23/09/2026 21:22
b5a4d44e-bae9-48c6-b2b1-36adcdb77fa0,sweetened.new,available,488.98,601.98,high,low,9,namecheap,,,11/09/2026 01:18
8f8b5e98-f2ed-4004-9fc7-f2cbaaf57c52,managers.new,available,488.98,601.98,medium,low,8,namecheap,,,20/09/2026 10:01
b740b9af-d418-4949-bd0e-bbc4db3e35ca,pendent.new,available,488.98,601.98,medium,low,7,namecheap,,,08/09/2026 14:07
2e821522-ef34-4322-a533-dfd283728754,parsimony.new,available,488.98,601.98,medium,low,9,namecheap,,,08/09/2026 14:39
d047ae1e-268e-4893-82f8-9018cbdd6b5f,drifting.new,available,488.98,601.98,high,low,8,namecheap,,,14/08/2026 19:13
b8208bef-6831-410a-860e-db52512f03b9,frayed.new,available,488.98,601.98,medium,low,6,namecheap,,,18/08/2026 14:25
ed19eba8-2ccc-4a8b-8c9a-39a52d311381,nationality.new,available,412.2,412.2,high,low,11,spaceship,,,29/09/2026 14:17
35300a79-1e88-488d-a8bf-8e31f8e9e558,clique.new,available,488.98,601.98,high,low,6,namecheap,,,24/09/2026 15:47
a1857d34-ed4f-40be-8ae2-a70816c41b3e,becalm.new,available,488.98,601.98,medium,low,6,namecheap,,,10/09/2026 19:38
0f6cf514-85e6-458d-8615-388be97cbf5c,normative.new,available,488.98,601.98,medium,low,9,namecheap,,,03/09/2026 21:19
4977f4e5-bc89-4380-bd83-efa1d3b93a12,gamba.new,available,488.98,601.98,medium,low,5,namecheap,,,22/09/2026 11:54
47ccf8c2-e7fc-4805-bc62-bf11bcccc158,iberia.new,available,412.2,412.2,medium,low,6,spaceship,,,28/09/2026 14:29
ea31a3d3-88bc-4e98-988c-7be9c434de80,flushed.new,available,488.98,601.98,high,low,7,namecheap,,,18/08/2026 09:26
b7addefe-ec23-41ca-b3d5-544ba7a2b7e2,glucose.new,available,412.46,412.46,high,low,7,porkbun,,,29/09/2026 01:05
f1e8d218-80ee-4649-ad8b-4083171f7c75,andrey.new,available,412.2,412.2,high,low,6,spaceship,,,29/09/2026 15:52
78304594-de52-41db-9fbe-00961c045951,enrollment.new,available,412.2,412.2,high,low,10,spaceship,,,28/09/2026 02:45
e20a1085-c022-4fab-975b-cd24db295965,reims.new,available,412.2,412.2,high,low,5,spaceship,,,29/09/2026 13:45
9d34dbce-a9bd-4d24-aa25-2963f2f52102,respected.new,available,488.98,601.98,high,low,9,namecheap,,,27/09/2026 12:38
8fd231a1-d96e-44ac-b4ce-4fa430cf2d30,iec.new,available,412.46,412.46,medium,low,3,porkbun,,,28/09/2026 16:35
c74f5823-ded4-474d-b36e-e728c5cbf69a,toetoe.new,available,488.98,601.98,medium,low,6,namecheap,,,20/09/2026 12:22
8b1f1d26-98bb-4ae0-a240-64bcd382248b,admired.new,available,488.98,601.98,high,low,7,namecheap,,,21/09/2026 18:53
d9bbd127-eb9b-47b2-8f62-01525133945a,attacker.new,available,488.98,601.98,high,low,8,namecheap,,,17/09/2026 17:41
936dcd0f-53f6-4830-b855-6edc45eac4c2,accessible.new,available,488.98,601.98,high,low,10,namecheap,,,21/09/2026 15:38
f3a95742-0730-4b8e-99cd-69f170b87308,pin.new,available,412.46,412.46,high,low,3,porkbun,,,29/09/2026 03:45
fed50e05-6f79-4952-91e9-99d68dd8b4ec,colonies.new,available,412.2,412.2,medium,low,8,spaceship,,,29/09/2026 15:59
f305ec25-2313-4511-9adc-378bf6f814b1,elaborate.new,available,488.98,601.98,high,low,9,namecheap,,,24/09/2026 07:12
773444fd-6188-4fde-86e0-02572073b1a9,bailee.new,available,488.98,601.98,medium,low,6,namecheap,,,21/09/2026 19:04
6a1463e0-2468-4a46-ba8e-674f14f4a04d,physical.new,available,488.98,601.98,high,low,8,namecheap,,,08/09/2026 15:48
55c064cd-0bed-46e9-8094-43d869f151a2,harmsworth.new,available,488.98,601.98,high,low,10,namecheap,,,18/09/2026 06:27
9294f622-c69e-4e8b-b891-efe349984002,monger.new,available,488.98,601.98,medium,low,6,namecheap,,,22/09/2026 05:36
5595a3b4-d72e-40e2-ae50-e4d408c9bb65,blackwash.new,available,488.98,601.98,medium,low,9,namecheap,,,20/09/2026 15:47
4ef3fd19-b498-4c97-9947-216924792d52,aide.new,available,488.98,601.98,high,low,4,namecheap,,,22/09/2026 14:20
01564625-311c-49e4-a9f1-bcdd0575ff1a,devastated.new,available,412.2,412.2,medium,low,10,spaceship,,,28/09/2026 11:36
1ec899aa-aa2b-4c61-b53f-03134f70f38f,lynch.new,available,412.2,412.2,medium,low,5,spaceship,,,28/09/2026 15:35
db91ea97-f741-40a4-bd2a-0e7195f7faaf,thai.new,available,488.98,601.98,high,low,4,namecheap,,,10/09/2026 07:23
c645c01b-e14f-4b62-86a2-25e3306e442b,maximising.new,available,488.98,601.98,high,low,10,namecheap,,,24/08/2026 17:58
ed311b4f-39c6-4866-b504-a3a4e0a0bd0a,nne.new,available,488.98,601.98,high,low,3,namecheap,,,15/09/2026 16:50
af946811-343a-4b10-95a5-9f948a09edba,estate.new,available,488.98,601.98,high,low,6,namecheap,,,17/09/2026 02:55
fde84c4f-2159-4f8b-a2be-6188dac35142,tracker.new,available,412.46,412.46,high,low,7,porkbun,,,30/09/2026 03:03
0b207dc3-1c3e-40e6-87d6-faadc27c6035,zillion.new,available,488.98,601.98,high,low,7,namecheap,,,11/09/2026 19:50
fe090aa8-d8a9-4945-8513-9f1e99f1a740,turtle.new,available,488.98,601.98,high,low,6,namecheap,,,25/09/2026 10:01
563a344d-2615-4df2-9679-185365db1c5d,lettres.new,available,488.98,601.98,medium,low,7,namecheap,,,29/09/2026 05:30
7067b5ef-36ff-4dfb-b5e5-3f928af23114,rebuilding.new,available,488.98,601.98,high,low,10,namecheap,,,29/09/2026 20:09
c2c69a5c-d2f6-404b-a122-fd8a367702c5,fluids.new,available,488.98,601.98,medium,low,6,namecheap,,,28/09/2026 17:17
f5026661-68eb-4a81-925c-def770183714,axilla.new,available,488.98,601.98,medium,low,6,namecheap,,,20/09/2026 07:40
0df971cd-2757-4bab-b78d-ce8351f1454d,bilingual.new,available,488.98,601.98,high,low,9,namecheap,,,09/08/2026 21:21
b1ce77a9-c144-4bfd-89bc-4765b27a0e9b,sweetener.new,available,488.98,601.98,high,low,9,namecheap,,,21/09/2026 19:45
73a2f6f4-8a9f-43ed-8018-92751bb16556,complain.new,available,488.98,601.98,high,low,8,namecheap,,,27/09/2026 03:57
d3ff4d18-5602-4588-8f50-70999adf9be4,shaw.new,available,488.98,601.98,high,low,4,namecheap,,,19/09/2026 09:59
7806d597-68f9-4d72-a7cb-cad9b59d06e4,painters.new,available,412.2,412.2,high,low,8,spaceship,,,29/09/2026 11:24
c5e81fc8-4dca-4752-9764-4d709757741d,flier.new,available,488.98,601.98,high,low,5,namecheap,,,11/08/2026 05:10
88d9a4af-6475-4470-9410-1fe513329d69,unpaid.new,available,488.98,601.98,high,low,6,namecheap,,,
6fbd2a10-d458-4cc0-8f39-5ae8ed6f4ccd,assorted.new,available,488.98,601.98,medium,low,8,namecheap,,,07/08/2026 07:25
d56b0b1a-7f96-4c75-b45f-57dcaf5e744c,backchat.new,available,488.98,601.98,medium,low,8,namecheap,,,21/09/2026 15:20
2b75fb29-977b-49f7-a540-7af950cae07c,digits.new,available,549.99,,high,low,6,name.com,,,
ba6f7618-06b3-4455-87e0-d84553ed3f36,guilt.new,available,412.2,412.2,high,low,5,spaceship,,,29/09/2026 21:42
95a0759b-1f9f-4758-81e6-e185c01c0f21,fern.new,available,488.98,601.98,high,low,4,namecheap,,,29/09/2026 00:53
5f87e5af-3cca-49b9-812f-b6a7311d1501,lighterman.new,available,488.98,601.98,medium,low,10,namecheap,,,22/09/2026 05:46
c74ec60d-b878-4eee-9894-fecd9a115f7e,boxing.new,available,412.2,412.2,high,low,6,spaceship,,,29/09/2026 03:51
7140ae8f-39b6-4878-9e54-21c0b6623076,virginal.new,available,488.98,601.98,high,low,8,namecheap,,,13/09/2026 05:57
356fc2fe-c972-467e-966b-fc30270bcc76,gleeful.new,available,488.98,601.98,high,low,7,namecheap,,,20/08/2026 14:21
8b908027-6034-4285-ab03-fbe18b5a94d8,codified.new,available,488.98,601.98,medium,low,8,namecheap,,,12/08/2026 15:19
13b21147-7d57-4916-9e94-6d1a1b55c9df,dealers.new,available,412.2,412.2,medium,low,7,spaceship,,,28/09/2026 09:08
482f880e-cbbd-4456-af65-496b67e40236,warnings.new,available,488.98,601.98,low,low,8,namecheap,,,29/09/2026 17:44
3e55f9c3-35f0-4a1e-86de-7c8b6475db3f,crashing.new,available,412.46,412.46,medium,low,8,porkbun,,,28/09/2026 11:33
1fcd639b-e90e-4075-b73d-cc7ae2e89ae6,waltz.new,available,412.2,412.2,high,low,5,spaceship,,,28/09/2026 15:32
a57b2793-6ab0-44dc-9af7-68cf568fbfcd,ruttish.new,available,488.98,601.98,medium,low,7,namecheap,,,21/08/2026 14:10
7120df05-3bb9-4936-83dc-e74bf3f0243a,englishman.new,available,412.46,412.46,high,low,10,porkbun,,,29/09/2026 12:12
311379c7-df19-4829-bce6-6ff881d64f71,vascular.new,available,488.98,601.98,medium,low,8,namecheap,,,13/09/2026 01:33
80670972-150e-493d-b733-ff36f73892fb,international.new,available,488.98,601.98,high,medium,13,namecheap,,,25/09/2026 11:34
275aab4f-0c4a-49ea-a5ab-213ae9bc474f,smartest.new,available,488.98,601.98,high,low,8,namecheap,,,20/09/2026 22:26
5eae745a-958c-4177-87ea-0dabf7bfed93,clarity.new,available,412.2,412.2,high,medium,7,spaceship,,,29/09/2026 09:51
fc1d66af-ccc8-4334-a1b3-34ab2df5222e,rutledge.new,available,412.2,412.2,medium,low,8,spaceship,,,29/09/2026 01:29
40d95358-f981-4138-8d4f-c45d4fcbcd4c,melvin.new,available,488.98,601.98,high,low,6,namecheap,,,26/09/2026 03:21
d3749371-6b18-4c19-8530-62f333554016,wexford.new,available,412.2,412.2,high,low,7,spaceship,,,28/09/2026 21:57
026bd94d-c44d-401e-b39e-21026ee28611,epidermic.new,available,549.99,549.99,medium,low,9,name.com,,,13/08/2026 13:09
ae43f7b5-2d43-437f-8a7c-0d3bb5123bd8,sunrise.new,available,412.2,412.2,high,low,7,spaceship,,,28/09/2026 01:57
135c2807-421a-45f6-afff-e2848110765c,reticently.new,available,488.98,601.98,medium,low,10,namecheap,,,15/09/2026 23:31
4c1ef092-3c7e-4c75-b367-8d1cb386eaaf,uniforms.new,available,488.98,601.98,medium,low,8,namecheap,,,28/09/2026 00:32
bd53272b-c412-4e20-8c53-ecf7d345f5e4,mouthy.new,available,549.99,,medium,low,6,name.com,,,
8318dee7-28c6-46e0-9829-e5e7582c3b9d,pornographic.new,available,412.2,412.2,medium,low,12,spaceship,,,29/09/2026 20:53
781bfd42-11b4-43a8-92ac-9e20b75e2dd8,slowed.new,available,488.98,601.98,medium,low,6,namecheap,,,20/09/2026 15:42
928ff1e0-8a16-487d-ba85-a02fe3d430d6,heinous.new,available,488.98,601.98,medium,low,7,namecheap,,,18/08/2026 06:18
944a3e93-686b-4295-b662-0d6986b93e0c,shopworn.new,available,488.98,601.98,medium,low,8,namecheap,,,08/08/2026 11:06
6eeb39d9-7da2-401a-9cf6-e0a7f5ceda0b,inflatable.new,available,488.98,601.98,high,low,10,namecheap,,,22/08/2026 04:29
8680d086-4a6b-423d-bbb7-578af5fa48c5,carnival.new,available,488.98,601.98,high,low,8,namecheap,,,24/09/2026 16:10
50e37a15-d66f-43af-9b62-3f4597c7258f,alloyed.new,available,488.98,601.98,high,low,7,namecheap,,,
81c72a0a-1d49-4285-a1f1-c1e138a55cd6,supporting.new,available,412.2,412.2,high,low,10,spaceship,,,28/09/2026 02:02
f6f69836-d970-4c9b-ace9-1d4c57391341,coordinate.new,available,488.98,601.98,high,low,10,namecheap,,,08/09/2026 03:35
ec285169-be32-4b63-be89-b5a3e2492b0d,races.new,available,488.98,601.98,high,low,5,namecheap,,,19/09/2026 00:33
ee492363-870c-4326-bb75-34b049f7cee6,isles.new,available,488.98,601.98,medium,low,5,namecheap,,,20/09/2026 01:00
647a0cb6-faa5-4474-98e4-436d84d1d9b9,lastly.new,available,412.2,412.2,medium,low,6,spaceship,,,28/09/2026 15:27
1143fdd4-9c94-4d19-a31e-48fd9e438d6f,assouan.new,available,488.98,601.98,medium,low,7,namecheap,,,20/09/2026 16:37
da1be6fa-3bee-4ecb-8602-6c4dcdb504ea,overhang.new,available,488.98,601.98,medium,low,8,namecheap,,,09/08/2026 08:27
255fbf4a-43ed-44b1-8659-2eca4197cf8f,deadly.new,available,488.98,601.98,medium,low,6,namecheap,,,22/09/2026 16:43
af35434d-cee7-4bd9-a773-fefff88f8ba8,redo.new,available,549.99,,high,low,4,name.com,,,
1431ff35-175b-4d50-91b5-f4b09278a70e,millionaire.new,available,412.2,412.2,high,low,11,spaceship,,,28/09/2026 07:04
55f153a1-d827-4f3a-90e2-64aab6680ba9,arousal.new,available,488.98,601.98,high,medium,7,namecheap,,,09/09/2026 19:07
cb5bc2f7-15b3-473e-94ff-53fbb4ace559,willing.new,available,488.98,601.98,high,low,7,namecheap,,,12/09/2026 05:42
ce40bcdc-e381-428b-bd43-d420de9620f2,allowance.new,available,412.2,412.2,high,low,9,spaceship,,,28/09/2026 20:37
4bc55c6c-cdc8-4d3f-af19-ee4f015e6c5e,polynesian.new,available,488.98,601.98,high,low,10,namecheap,,,24/08/2026 13:48
09c3d06e-6af4-4c42-ad0b-c04aa98a5ff0,snyder.new,available,549.99,549.99,high,low,6,name.com,,,25/09/2026 18:53
20f26c73-4542-428f-99b1-7f67e9fb105b,dickens.new,available,412.46,412.46,high,low,7,porkbun,,,29/09/2026 08:15
d216c7d3-36c5-45f3-a599-7ba8d0efc80d,quieter.new,available,549.99,,high,low,7,name.com,,,
18316c3b-fba5-4d35-8dfd-b194cb9a2219,fruitfully.new,available,488.98,601.98,high,low,10,namecheap,,,14/09/2026 20:27
603cc4c9-3070-40ea-bbde-d3c7a8e8ca03,glowing.new,available,488.98,601.98,high,low,7,namecheap,,,20/08/2026 15:08
e087deaf-d6c2-4496-b6db-dc141e9584d5,precisely.new,available,488.98,601.98,high,low,9,namecheap,,,04/09/2026 14:15
713dedb4-7e65-41e5-ba1a-1728d46670a4,pigweed.new,available,488.98,601.98,medium,low,7,namecheap,,,18/09/2026 15:54
d7395ea6-8020-4f8d-be3a-ee352b8ae929,peopled.new,available,488.98,601.98,medium,low,7,namecheap,,,08/09/2026 15:32
c5253ba1-47d9-4e80-9117-ec36dc83ddd2,scythian.new,available,488.98,601.98,medium,low,8,namecheap,,,10/09/2026 00:28
5b8a0612-0b6b-4484-83f4-f2823ea3e802,varied.new,available,412.2,412.2,medium,low,6,spaceship,,,28/09/2026 10:09
02e87618-65f7-4baf-b56b-0592ddbe0905,stinky.new,available,488.98,601.98,high,low,6,namecheap,,,13/08/2026 05:18
4c59808c-50d7-407f-b604-9cb74c810fec,wikileaks.new,available,549.99,,medium,low,9,name.com,,,
07de9909-195a-49ec-9ac5-ea398697f307,cheer.new,available,488.98,601.98,high,low,5,namecheap,,,24/09/2026 14:09
f2be6e69-367d-4a17-a36a-0efa1e520f14,addams.new,available,412.46,412.46,medium,low,6,porkbun,,,29/09/2026 23:22
76e6c02d-4192-40d7-a61e-7325f0ab73b8,republican.new,available,488.98,601.98,high,low,10,namecheap,,,09/09/2026 14:43
9ba9956b-bc95-479a-b1b9-0cbfb0fd4abb,engaged.new,available,488.98,601.98,high,low,7,namecheap,,,10/08/2026 19:07
5c290fbb-ec84-4fc3-9311-11970e40b0d0,implying.new,available,549.99,,high,low,8,name.com,,,
a908fe44-3a4c-4712-870b-7b24bd598b7c,enlarged.new,available,549.99,549.99,high,low,8,name.com,,,22/09/2026 22:37
3fda5fdb-e1a7-40d9-ba38-b768ddad351b,museum.new,available,488.98,601.98,high,low,6,namecheap,,,25/09/2026 23:47
82e779cb-e910-4edc-ba97-e40e278cafd2,squashed.new,available,488.98,601.98,medium,low,8,namecheap,,,10/09/2026 17:31
195939f4-999e-45e5-9695-26cfce9789e8,mottled.new,available,549.99,549.99,medium,low,7,name.com,,,13/08/2026 17:41
8de061bc-e882-403d-9e4a-fc8923a78840,yoga.new,available,412.2,412.2,high,low,4,spaceship,,,28/09/2026 06:53
6e9acf40-c7c6-4428-9908-f3b2b7338afa,depth.new,available,412.2,412.2,high,low,5,spaceship,,,28/09/2026 01:46
db684d2f-c4ad-4b71-b293-214f2a90ca65,snobby.new,available,488.98,601.98,medium,low,6,namecheap,,,12/08/2026 11:23
d1f23b96-6345-4723-8c65-df168c7b8acd,poolside.new,available,549.99,,high,low,8,name.com,,,
15738a26-c0d9-4345-b290-c5a51f5675da,goony.new,available,488.98,601.98,medium,low,5,namecheap,,,23/09/2026 23:48
fa5ea9b0-4749-405c-9a9a-3ff7398eaa53,safely.new,available,488.98,601.98,high,low,6,namecheap,,,16/09/2026 00:26
860dea8c-a997-423b-81bf-c20f8997cffc,pillage.new,available,488.98,601.98,medium,low,7,namecheap,,,08/09/2026 21:56
0a43a390-5700-4343-b3db-af3b108e6c46,leo.new,available,488.98,601.98,high,medium,3,namecheap,,,25/09/2026 08:56
1002f9f5-5e74-4e86-9caf-00c3549f7db2,incredible.new,available,488.98,601.98,high,low,10,namecheap,,,25/09/2026 09:04
0f9ce060-b93b-4ea9-ade8-8c64e82541a9,spitting.new,available,412.46,412.46,medium,low,8,porkbun,,,29/09/2026 08:06
c89f4372-f4f3-4c43-a388-ee65a65f8f5b,surrounded.new,available,488.98,601.98,high,low,10,namecheap,,,16/08/2026 22:16
e7ec329b-5a1b-4e82-adee-59692bc6a855,vocative.new,available,488.98,601.98,medium,low,8,namecheap,,,13/09/2026 06:31
d4ecfcf5-a42f-4720-b519-e37a513f0309,ransom.new,available,488.98,601.98,high,low,6,namecheap,,,27/09/2026 05:07
49a7283f-c942-47fc-8a1b-74479c18c861,supper.new,available,549.99,,high,low,6,name.com,,,
014ac83a-969e-4f29-8a6a-4921dc5d4c4f,parentally.new,available,488.98,601.98,medium,low,10,namecheap,,,15/09/2026 18:57
c90f6dc3-0911-43c1-851b-3879dc418c87,nations.new,available,412.46,412.46,medium,low,7,porkbun,,,27/09/2026 22:54
54f0bf8b-c231-45b2-8b14-1de1e4b2e639,nonmetric.new,available,488.98,601.98,medium,low,10,namecheap,,,03/09/2026 18:30
1c9b9a6d-cdd9-434f-bdfb-8c3fd5d64313,childbirth.new,available,488.98,601.98,high,low,10,namecheap,,,12/08/2026 05:00
5e3b6e0a-44dc-4c5b-9fd5-428e157769c0,ripping.new,available,488.98,601.98,high,low,7,namecheap,,,09/09/2026 13:59
769da424-e6c1-4c05-83cf-82bdc4f6527f,packsack.new,available,549.99,549.99,high,low,8,name.com,,,21/09/2026 14:40
dad815c9-f0ad-4a78-ad7f-e09a57f58b08,thirtieth.new,available,488.98,601.98,medium,low,9,namecheap,,,
6ff88dc5-c167-44e0-8402-ac24624c7adc,apothecary.new,available,488.98,601.98,high,low,10,namecheap,,,19/09/2026 19:42
d4547000-1f54-4dd2-9719-a2df6e52231b,holmium.new,available,488.98,601.98,medium,low,7,namecheap,,,20/09/2026 23:31
a9d4c139-a7fa-43ac-8c91-0611733625f8,saler.new,available,549.99,,medium,low,5,name.com,,,
4092c7a3-27a8-41da-b782-ddcc13459c06,framed.new,available,488.98,601.98,high,low,6,namecheap,,,18/08/2026 14:04
8850e9c2-57c1-413e-a9a5-f966208d4713,severed.new,available,549.99,549.99,medium,low,7,name.com,,,13/08/2026 12:32
a9c2185f-f498-4a97-95d9-7c9eb28dac3a,pernickety.new,available,488.98,601.98,medium,low,10,namecheap,,,08/09/2026 17:52
0a7ff988-f39f-4696-8d24-0e9c6c73fd0f,doherty.new,available,412.2,412.2,medium,low,7,spaceship,,,28/09/2026 04:19
e01d3890-39a7-40f1-a3a5-fd69d46b2e04,waxing.new,available,488.98,601.98,high,low,6,namecheap,,,13/09/2026 08:44
518f14d0-d869-4af7-916d-2bd933bf4c85,except.new,available,412.2,412.2,high,low,6,spaceship,,,29/09/2026 13:57
3eb8928c-7310-4454-b2df-660112e21edb,amorous.new,available,488.98,601.98,high,low,7,namecheap,,,22/09/2026 03:25
f6351a69-7fbc-496b-add2-af62040768d5,categoric.new,available,488.98,601.98,medium,low,9,namecheap,,,11/08/2026 21:29
203e6ca5-6f0b-431b-9d37-4cffc1072c66,cans.new,available,488.98,601.98,medium,low,4,namecheap,,,18/09/2026 22:47
493b1ff7-b185-46ad-9938-27b098e22c68,deserved.new,available,488.98,601.98,high,low,8,namecheap,,,14/08/2026 03:27
dc0b88ba-7aa1-4637-8509-53c2d05b385e,frustration.new,available,412.2,412.2,medium,low,11,spaceship,,,28/09/2026 17:13
1004d66a-bf4e-440c-8587-38c70339fdcf,agog.new,available,488.98,601.98,high,low,4,namecheap,,,
e6f28cf5-3e17-4984-a558-c00b3e77e7cc,charioteer.new,available,488.98,601.98,medium,low,10,namecheap,,,21/09/2026 04:25
12c4b790-13dc-4366-81b6-8f17cd2b49fd,dashed.new,available,549.99,549.99,medium,low,6,name.com,,,13/08/2026 18:27
aaec1b69-bdc0-4c69-b479-2f9a07901c04,dermal.new,available,549.99,549.99,high,low,6,name.com,,,13/08/2026 13:00
58a62b23-4b74-44a5-a1b2-3a8472b18a8d,outside.new,available,488.98,601.98,high,low,7,namecheap,,,21/09/2026 23:49
10a03417-63af-4414-a24d-c484fc548c88,lunt.new,available,488.98,601.98,medium,low,4,namecheap,,,18/09/2026 06:40
b30d68cd-f6ad-4008-bd40-339dabca597c,stoned.new,available,488.98,601.98,medium,low,6,namecheap,,,10/09/2026 21:10
d18376d3-a306-435b-b2ff-347e35f3459b,frequency.new,available,488.98,601.98,high,low,9,namecheap,,,16/09/2026 17:49
9d48a77e-69f5-4cd4-8ad5-ab63e8388d43,wing.new,available,488.98,601.98,high,low,4,namecheap,,,22/09/2026 15:49
bc16a4cb-c803-4593-a867-3ddcf82ce07f,cauterize.new,available,488.98,601.98,medium,low,9,namecheap,,,11/08/2026 14:34
afd3febc-2964-4781-8483-467a24783247,tailed.new,available,488.98,601.98,high,low,6,namecheap,,,11/09/2026 07:08
cdaff844-1244-405e-a4e3-c519a48ce6f8,wakeful.new,available,488.98,601.98,medium,low,7,namecheap,,,04/09/2026 16:03
df44e02c-9d33-4e64-b5bb-8f473a68f08b,interrogation.new,available,412.2,412.2,medium,low,13,spaceship,,,28/09/2026 08:22
efc95576-4b98-43f9-946b-0a51237a0c93,baffled.new,available,488.98,601.98,medium,low,7,namecheap,,,07/08/2026 11:36
c9db321c-361c-4cd0-ab7e-5fa4b6464a16,lena.new,available,549.99,549.99,high,low,4,name.com,,,25/09/2026 08:55
0ac0c037-acd6-4f64-91ae-92428441bf77,humanly.new,available,488.98,601.98,high,low,7,namecheap,,,15/09/2026 01:20
ea9b3071-a759-4abe-9ab7-0c834a07eeed,humming.new,available,412.2,412.2,high,low,7,spaceship,,,29/09/2026 07:18
641f39c6-b5b6-4ba4-b686-293d9988d239,inn.new,available,549.99,549.99,high,low,3,name.com,,,21/09/2026 02:28
66e88531-461d-4d80-b59f-01898d0c0a80,streetfighter.new,available,549.99,,medium,low,14,name.com,,,
991f6a5f-f83a-4ab7-9f99-dec7524358ad,ghost.new,available,488.98,601.98,high,medium,5,namecheap,,,25/09/2026 06:32
82597b6d-a3af-4d09-91c9-729071a8e3ca,elijah.new,available,412.2,412.2,high,low,6,spaceship,,,29/09/2026 12:10
2c8ac251-f873-4a18-a28e-5172a3812893,lutetium.new,available,488.98,601.98,medium,low,8,namecheap,,,20/09/2026 23:39
f454d33e-a7be-420d-ac57-a4e980ea4467,armament.new,available,488.98,601.98,medium,low,8,namecheap,,,20/09/2026 06:31
332291fd-3f3d-4053-81eb-062d329d3f9e,migratory.new,available,488.98,601.98,medium,low,9,namecheap,,,24/08/2026 22:49
cdbaee90-2940-49b6-80ea-70d1e79ad288,chopped.new,available,488.98,601.98,high,low,7,namecheap,,,12/08/2026 06:57
15b7e3d8-0674-44a3-8c76-84beaed87b7f,naming.new,available,412.2,412.2,high,low,6,spaceship,,,28/09/2026 08:38
5132f065-f895-4f18-94f2-0e0fad3156f9,phantasy.new,available,488.98,601.98,high,low,8,namecheap,,,17/08/2026 21:58
f2e5442b-9809-4576-a071-b9fffdc3f0d1,road.new,available,549.99,,high,low,4,name.com,,,
638e4d51-915f-4b47-a5e8-53d0a466ab8b,river.new,available,549.99,,high,low,5,name.com,,,
02f57a65-d5b6-4c32-a61b-272049eaf860,toad.new,available,488.98,601.98,high,low,4,namecheap,,,05/08/2026 21:06
8b3bfc53-f7ea-4797-9158-5c511ceee925,bartholdi.new,available,488.98,601.98,high,low,9,namecheap,,,22/09/2026 09:11
fd45ad65-f682-46ab-8267-416afd026cc4,cystic.new,available,549.99,549.99,medium,low,6,name.com,,,13/08/2026 14:36
f26fa30f-d1ce-4eb8-af71-21c40f14cdf5,unearned.new,available,488.98,601.98,medium,low,8,namecheap,,,12/09/2026 08:43
692939d9-b601-4a86-9040-08c013ba8683,ropey.new,available,488.98,601.98,high,medium,5,namecheap,,,09/09/2026 18:38
8a3668c2-1a43-4c59-9d2e-6d5d55d4f509,omaha.new,available,412.2,412.2,high,low,5,spaceship,,,28/09/2026 14:49
6557de78-1cb6-41f9-abe8-883823b43d85,nescience.new,available,488.98,601.98,medium,low,9,namecheap,,,12/09/2026 14:26
11ab87d3-82da-46dc-a0a7-4511491afd93,keyless.new,available,488.98,601.98,medium,low,7,namecheap,,,22/08/2026 15:44
a660d183-acc3-402c-9417-3f9bbe4abb20,ritual.new,available,488.98,601.98,high,low,6,namecheap,,,09/09/2026 18:01
681af64f-3bff-46f5-9919-b9ec432e1a1e,schmid.new,available,412.2,412.2,high,low,6,spaceship,,,29/09/2026 15:01
6c4cb0cc-cdba-422a-bd18-2f891c068c18,venushair.new,available,488.98,601.98,medium,low,9,namecheap,,,17/09/2026 08:07
ea28f12e-58c8-4077-a563-dfe0a1c6185e,cogent.new,available,488.98,601.98,high,low,6,namecheap,,,12/08/2026 15:33
8adf610c-9cb0-458a-8aa4-8ffc3c0910dd,producers.new,available,412.2,412.2,high,low,9,spaceship,,,28/09/2026 23:09
206881c2-730a-4a23-b7fa-69a2aae96c4f,certain.new,available,412.2,412.2,high,low,7,spaceship,,,27/09/2026 19:05
dd9f5ca5-cd1c-4d78-b349-2a3254daf8e6,whirring.new,available,488.98,601.98,medium,low,8,namecheap,,,13/09/2026 11:28
b6c84017-1220-4017-a628-79846f28431e,shaped.new,available,488.98,601.98,high,low,6,namecheap,,,25/08/2026 03:44
eebab3db-c3ad-4ffb-8bdc-a95350fdffa0,burnett.new,available,488.98,601.98,high,low,7,namecheap,,,25/09/2026 03:44
6ce064ea-50a1-4550-88ca-83b692e84425,commanders.new,available,488.98,601.98,medium,low,10,namecheap,,,29/09/2026 17:02
c17c8213-f3a9-4830-9a43-646a14e1e4a1,dorchester.new,available,488.98,601.98,medium,low,10,namecheap,,,27/09/2026 07:30
0df43c6d-c812-417b-b375-9cbb5124aee7,murderer.new,available,488.98,601.98,medium,low,8,namecheap,,,25/09/2026 08:59
4e725d27-33c9-4bed-afee-139b82cc4fa3,appendage.new,available,488.98,601.98,medium,low,9,namecheap,,,19/09/2026 20:35
1c7c0c2e-d79d-45be-b084-e5432f93b9de,serous.new,available,488.98,601.98,medium,low,6,namecheap,,,10/09/2026 04:43
8256e9c2-6b4e-4609-a123-3165b4b8e6b5,divorce.new,available,488.98,601.98,high,low,7,namecheap,,,14/08/2026 11:12
030ce434-ad03-4aeb-b15c-5f8dc1e22fed,plasma.new,available,412.2,412.2,high,low,6,spaceship,,,28/09/2026 00:56
2d9f08b2-e876-423a-b942-a522df69fdcc,tasked.new,available,488.98,601.98,medium,low,6,namecheap,,,20/09/2026 17:24
b58410f8-e38d-4e98-9f06-e598e04cc5a8,literacy.new,available,412.2,412.2,high,low,8,spaceship,,,30/09/2026 02:09
6ea5d723-2ce9-4e55-9943-f52f9edece24,pink.new,available,488.98,601.98,high,low,4,namecheap,,,27/09/2026 03:47
7f679759-1cce-4721-8e9f-8047e77e1ef0,collingwood.new,available,412.2,412.2,medium,low,11,spaceship,,,28/09/2026 12:17
d0246d15-2fbd-4410-9306-bf53a666b28f,jesse.new,available,488.98,601.98,high,low,5,namecheap,,,25/09/2026 12:07
82feff07-e3d6-4523-b2cf-d8b775e26f18,experiences.new,available,488.98,601.98,high,low,11,namecheap,,,28/09/2026 04:46
1ae7ae10-bab7-48f9-9eaa-59fbe198f7e9,sinatra.new,available,412.2,412.2,high,low,7,spaceship,,,29/09/2026 18:57
7cf3841f-785d-421f-96d3-256d7991a710,midday.new,available,412.2,412.2,high,low,6,spaceship,,,29/09/2026 22:44
041ff2d3-209b-4c90-96fc-8c348e6e9056,loyola.new,available,488.98,601.98,high,low,6,namecheap,,,25/09/2026 07:44
3beac556-b956-490e-b6d0-c93a958a8af5,abatement.new,available,488.98,601.98,medium,low,9,namecheap,,,16/09/2026 14:09
c39cc043-f945-4aef-b69e-269ca50d2909,astern.new,available,488.98,601.98,medium,low,6,namecheap,,,
06278741-5942-4334-a054-c9f8bd795697,pettily.new,available,488.98,601.98,low,low,7,namecheap,,,15/09/2026 19:44
abca2201-a76c-4f74-bdfe-57597969ae3d,overloaded.new,available,488.98,601.98,medium,low,10,namecheap,,,04/09/2026 20:54
bcdd5d7d-c5c7-45a4-923e-46f1cefaa2d8,fetching.new,available,488.98,601.98,high,low,8,namecheap,,,18/08/2026 02:20
45c6c769-be70-404e-b132-e652b314205c,housekeeper.new,available,412.2,412.2,high,low,11,spaceship,,,28/09/2026 11:27
3e24292b-480e-4e68-83e0-14c758283b91,niches.new,available,488.98,601.98,medium,low,6,namecheap,,,20/09/2026 09:56
9e2b1881-3a6a-4a87-80c3-74d089b22599,lizzie.new,available,412.2,412.2,high,low,6,spaceship,,,28/09/2026 11:45
a23e4b33-c75a-4060-97a4-9fa19bc96627,exposure.new,available,488.98,601.98,high,low,8,namecheap,,,08/09/2026 13:44
0b5742ac-20ba-4dce-9b86-16471a45110b,intern.new,available,412.2,412.2,high,low,6,spaceship,,,28/09/2026 14:28
5871d56f-1d91-4455-a83f-6095ddbb3100,strive.new,available,412.46,412.46,high,low,6,porkbun,,,29/09/2026 18:47
ab43ced4-0462-46f7-90ca-333b4ed450c8,squawk.new,available,488.98,601.98,high,low,6,namecheap,,,23/09/2026 00:25
d802182b-7a29-453d-bac7-d51a29b1c6b1,mistakenly.new,available,488.98,601.98,medium,low,10,namecheap,,,14/09/2026 16:00
c67b1d8c-f357-4372-91eb-ddefb98fc7f3,unsigned.new,available,488.98,601.98,high,low,8,namecheap,,,12/09/2026 19:55
962232c7-8145-40c4-ad5d-79b3df37c984,theorize.new,available,488.98,601.98,high,low,8,namecheap,,,24/09/2026 17:19
4452aa69-8fcc-4558-a3d3-2ee0b673091e,aguacate.new,available,488.98,601.98,medium,low,8,namecheap,,,07/08/2026 23:46
85a359b0-ce5f-4c40-9910-285ec55f1c2f,motorcoach.new,available,488.98,601.98,medium,low,10,namecheap,,,21/09/2026 06:31
c809a01e-2a7f-4ff2-ac3c-9ff6ec7631ed,miserable.new,available,488.98,601.98,high,low,9,namecheap,,,
b36612b7-3986-43fd-a233-0c5487b3e41c,livid.new,available,488.98,601.98,medium,low,5,namecheap,,,07/08/2026 02:24
05aec0ca-0e7b-49db-8936-e4598501cfd5,activities.new,available,412.2,412.2,medium,low,10,spaceship,,,27/09/2026 22:27
73f29420-0ff2-42d1-bec0-b4098ebb8e59,biweekly.new,available,488.98,601.98,high,low,8,namecheap,,,10/08/2026 09:30
3b0937a7-c1ce-4726-bf1c-5602b84ed574,moscow.new,available,412.2,412.2,high,low,6,spaceship,,,29/09/2026 07:06
2d2bc645-7c99-4d28-a88d-f43869ecb970,fifth.new,available,488.98,601.98,high,low,5,namecheap,,,
23738eb1-e48d-4c0e-b603-3262ef7fc74c,bosnia.new,available,549.99,549.99,high,low,6,name.com,,,25/09/2026 02:00
79fc0cf0-5260-400e-a056-9ba58a4433d0,moist.new,available,549.99,549.99,high,low,5,name.com,,,13/08/2026 16:43
7937e648-fa62-471c-9a15-7a935ee3c001,cresson.new,available,488.98,601.98,medium,low,7,namecheap,,,13/08/2026 06:16
62ef371b-f558-4410-a898-37529e9bd588,deafening.new,available,549.99,549.99,medium,low,9,name.com,,,13/08/2026 19:54
5626678f-a189-45d1-9b9f-f85620de9a05,barrelfish.new,available,488.98,601.98,medium,low,10,namecheap,,,22/09/2026 08:20
785a3af7-a54a-47d6-8e01-94dfe5704577,diego.new,available,488.98,601.98,high,low,5,namecheap,,,26/09/2026 03:12
f2570139-e222-459c-8620-c710816a22e2,petty.new,available,488.98,601.98,high,low,5,namecheap,,,24/09/2026 17:49
f2c0d1f9-5826-4451-a83d-0f07e2f51034,altered.new,available,488.98,601.98,high,low,7,namecheap,,,
26b47d77-041b-446e-9498-1022127292eb,arcus.new,available,488.98,601.98,high,low,5,namecheap,,,20/09/2026 03:02
3d561d5b-c419-497c-8f2c-318dc6ae2126,bedsore.new,available,488.98,601.98,medium,low,7,namecheap,,,22/09/2026 23:40
1ac8c72f-9dfc-4840-9d16-ccf76da37f4f,procurable.new,available,488.98,601.98,medium,low,10,namecheap,,,18/08/2026 23:08
05cb01ed-2ddc-4c2b-8a72-80fb5882cd3d,gunn.new,available,488.98,601.98,medium,low,4,namecheap,,,27/09/2026 01:35
032c9d83-1146-4f3a-a220-b3b03425d384,slant.new,available,488.98,601.98,high,low,5,namecheap,,,22/08/2026 22:07
0bdd0427-ce11-4b5a-9932-63d60603ccbf,sixtieth.new,available,488.98,601.98,high,low,8,namecheap,,,
fd594684-17ad-4153-8b6f-fdcc0b29fc74,leon.new,available,488.98,601.98,high,medium,4,namecheap,,,27/09/2026 04:37
b0710d97-3969-4bbe-b831-a590e1f07db7,defensible.new,available,488.98,601.98,high,low,10,namecheap,,,13/08/2026 23:11
e83cb0de-5b14-4123-a989-c0d2fbc5194d,eat.new,available,488.98,601.98,high,low,3,namecheap,,,25/09/2026 09:38
b52d94de-c608-427c-a35f-c9e90bd1aa71,sublimate.new,available,488.98,601.98,medium,low,9,namecheap,,,11/09/2026 00:01
bc9feb15-feee-4ae2-a66f-e4c2d343d7d4,navigation.new,available,488.98,601.98,high,low,10,namecheap,,,10/09/2026 00:36
d18428df-9212-40b8-b50b-2ee98d51910c,castor.new,available,488.98,601.98,medium,low,6,namecheap,,,18/09/2026 13:36
c646483e-d2d0-4685-90dd-b252f59d6992,gaudi.new,available,488.98,601.98,medium,low,5,namecheap,,,19/09/2026 15:36
0a4d344b-8f9d-41e8-beaa-895f165b4868,gardiner.new,available,488.98,601.98,high,low,8,namecheap,,,25/09/2026 06:17
34207004-8e46-4440-a983-e349c1d3ed6d,recognizes.new,available,412.2,412.2,medium,low,10,spaceship,,,29/09/2026 11:34
2f3db939-73a0-4336-9984-aaadaa02d980,scupper.new,available,488.98,601.98,medium,low,7,namecheap,,,18/09/2026 17:30
79059c4b-e03c-45ac-b79e-ad3b00921996,concise.new,available,488.98,601.98,high,low,7,namecheap,,,23/09/2026 19:03
b93c63c1-586c-4321-b65b-683166c0fe30,transeunt.new,available,488.98,601.98,medium,low,9,namecheap,,,11/09/2026 18:53
e1863fe7-2861-4915-9027-80fd59af2810,posterior.new,available,488.98,601.98,medium,low,9,namecheap,,,09/08/2026 11:12
b3d4a7a2-82ba-485c-b657-f9e7196ccfed,stronghold.new,available,488.98,601.98,high,low,10,namecheap,,,29/09/2026 14:00
741218fa-72ea-4b61-bc89-91fbda0737d4,allophonic.new,available,488.98,601.98,medium,low,10,namecheap,,,
cbe0390d-4d45-4f4b-beef-d9f22eccdd9f,toscanini.new,available,488.98,601.98,high,low,9,namecheap,,,20/09/2026 12:05
6689e85a-26ba-4bda-9e82-de88e2e482ac,cosigner.new,available,488.98,601.98,medium,low,8,namecheap,,,13/08/2026 02:49
0fef15e3-41e2-4fbd-b0fd-3f3333546533,knesset.new,available,412.2,412.2,medium,low,7,spaceship,,,28/09/2026 19:39
a57b7056-4704-4e69-af69-f86eb83da873,exceed.new,available,488.98,601.98,high,low,6,namecheap,,,11/09/2026 17:21
0d8f6d94-d247-4172-9be2-40c4c32c13e3,talky.new,available,488.98,601.98,high,low,5,namecheap,,,12/08/2026 03:24
23757d75-457c-4c0a-8c30-ca34885aed72,pioneer.new,available,412.2,412.2,high,low,7,spaceship,,,29/09/2026 01:10
505d0264-deee-4745-8b7f-6ab61ed82b1e,hobson.new,available,412.2,412.2,medium,low,6,spaceship,,,28/09/2026 12:14
76f0f982-2d4f-425b-9afa-d0987f9e1a7c,dolby.new,available,412.2,412.2,high,medium,5,spaceship,,,30/09/2026 01:20
00fd94fa-67ad-42ec-abc1-dfe15d5df7c2,jarvis.new,available,488.98,601.98,high,medium,6,namecheap,,,27/09/2026 01:43
f805a19f-7083-475d-bd39-c73ee620127b,fruitless.new,available,488.98,601.98,medium,low,9,namecheap,,,10/08/2026 19:39
d6b730fc-6131-44c9-b30d-a0d646480424,insecurity.new,available,412.2,412.2,high,low,10,spaceship,,,30/09/2026 01:58
12d2dc3a-a2ac-40c2-8261-22ba1e8bf2dc,interviews.new,available,412.2,412.2,medium,low,10,spaceship,,,28/09/2026 09:06
91044b63-c992-4bd3-913b-1ccb50a0e763,fair.new,available,488.98,601.98,high,medium,4,namecheap,,,22/09/2026 23:43
bc172391-ef27-4482-b44f-33cefc8639af,axseed.new,available,488.98,601.98,medium,low,6,namecheap,,,21/09/2026 10:31
5fbae0a2-c782-48ee-ae84-b2098e197408,muted.new,available,488.98,601.98,high,low,5,namecheap,,,21/08/2026 15:56
3eb612fc-cfb2-4f55-8ded-fc73b20e5d87,ganja.new,available,412.2,412.2,high,low,5,spaceship,,,29/09/2026 06:40
f659b3e6-245d-49fd-83e1-e01c1eb95ea8,numbered.new,available,412.2,412.2,medium,low,8,spaceship,,,29/09/2026 10:20
0ac02fb5-f85e-4c47-8990-9cad0437c949,lara.new,available,488.98,601.98,high,low,4,namecheap,,,27/09/2026 19:35
7daf46e6-be72-46e8-8bde-7f4e1cec1f39,pls.new,available,549.99,,high,low,3,name.com,,,
555d3518-836d-4004-aecc-566fdf632f6f,overwhelming.new,available,412.2,412.2,high,low,12,spaceship,,,28/09/2026 07:20
4b83c009-8552-4bed-85d9-101a5da5b6b8,arthropod.new,available,488.98,601.98,high,low,9,namecheap,,,20/09/2026 10:41
d9e2133e-5fa0-4a7a-83ec-b509eaaddac0,teeming.new,available,488.98,601.98,medium,low,7,namecheap,,,11/09/2026 10:05
c8cc58a5-7186-4bcc-8083-714438f2482e,decedent.new,available,488.98,601.98,medium,low,8,namecheap,,,13/08/2026 21:05
678e13fe-6996-4538-b069-9e9581efa0b2,glassless.new,available,488.98,601.98,medium,low,9,namecheap,,,20/08/2026 14:11
1d8cc87c-879e-478c-b717-0128399bfc74,needing.new,available,549.99,,high,low,7,name.com,,,
4b83caee-4c47-429e-8908-c638b7722849,samuels.new,available,412.46,412.46,medium,low,7,porkbun,,,29/09/2026 09:53
d48499bb-8865-401d-ac84-5e626d6f4529,bighearted.new,available,488.98,601.98,high,low,10,namecheap,,,09/08/2026 20:48
56ea29dc-c5b2-46c5-ae33-8b9f4045d6c4,adscript.new,available,488.98,601.98,medium,low,8,namecheap,,,
07eb475c-d597-4db9-a0a9-4be2da9d60fe,holmes.new,available,488.98,601.98,high,low,6,namecheap,,,20/09/2026 10:51
8b3e82b2-70b4-4233-b7ef-507806463b55,shifting.new,available,412.2,412.2,high,low,8,spaceship,,,27/09/2026 21:05
dffbee86-7c09-4c59-80ab-e5807d1d42b8,folksy.new,available,488.98,601.98,high,low,6,namecheap,,,13/08/2026 04:22
f5335cb7-f79f-4099-ae5e-ed00a81ad0b5,calculated.new,available,488.98,601.98,high,low,10,namecheap,,,11/08/2026 13:58
3d8ad3c0-1c59-4c15-8168-43a231df6008,pulpy.new,available,488.98,601.98,high,medium,5,namecheap,,,09/09/2026 05:57
e9311aa7-ae6d-4344-a8a7-c1818b1f8d23,clement.new,available,488.98,601.98,high,low,7,namecheap,,,12/08/2026 10:42
7c3d07e5-bb0a-4e16-80fd-6cb2fb376f9d,bris.new,available,488.98,601.98,high,low,4,namecheap,,,23/09/2026 09:28
e495440b-b5f7-4103-b6f2-a330417a0940,unethical.new,available,488.98,601.98,medium,low,9,namecheap,,,12/09/2026 09:19
1d7eba84-f9b8-416c-8c74-88e0a366f724,nist.new,available,412.46,412.46,high,low,4,porkbun,,,29/09/2026 19:44
dc7ac7e1-2cc4-48da-bc81-f6ef1f9e8b1e,autoclave.new,available,549.99,549.99,medium,low,9,name.com,,,21/09/2026 06:03
1e84324c-81e6-4cbc-938f-74bce60eb70c,abortive.new,available,488.98,601.98,medium,low,8,namecheap,,,
de3f832d-8031-48b1-af01-a642bc16169d,banting.new,available,488.98,601.98,medium,low,7,namecheap,,,22/09/2026 03:15
2299f272-7217-465e-bf6d-e48e419fd842,michel.new,available,488.98,601.98,high,low,6,namecheap,,,25/09/2026 12:46
f0283f6a-d65f-4a7b-95d2-c12eac0109c8,recurrent.new,available,488.98,601.98,high,low,9,namecheap,,,09/09/2026 11:57
d8ae7331-6469-4377-b260-1d2a3430accf,balkans.new,available,488.98,601.98,medium,low,7,namecheap,,,21/09/2026 22:15
5c15b728-9225-4090-a491-d34c5e4aa6a7,foul.new,available,488.98,601.98,high,low,4,namecheap,,,
1b6fb93f-6537-4d2c-a3dc-0e39d897dc18,extend.new,available,549.99,,high,low,6,name.com,,,
bbfab95d-e690-46e7-8bb0-8ce2aace367f,granitic.new,available,488.98,601.98,medium,low,8,namecheap,,,18/08/2026 08:22
565ff74d-6749-4331-89a8-fd0fcd223d80,northeast.new,available,412.2,412.2,medium,low,9,spaceship,,,28/09/2026 16:59
f908fd1a-9ab0-48d3-bf88-8f2f1a28e990,radium.new,available,488.98,601.98,high,low,6,namecheap,,,20/09/2026 23:59
f01099a9-f52b-4e81-9659-209f30b20159,harmony.new,available,412.2,412.2,high,medium,7,spaceship,,,29/09/2026 10:31
de13735c-9cc5-41e6-b0dc-112fa1c39788,feldman.new,available,488.98,601.98,high,low,7,namecheap,,,27/09/2026 20:17
d910d8f8-bddb-4d33-b88a-64ed2c594cf7,adrienne.new,available,412.46,412.46,high,low,8,porkbun,,,29/09/2026 09:35
b7e6416c-6550-4a18-bfee-5de0a3792ac8,trembling.new,available,488.98,601.98,high,medium,9,namecheap,,,10/09/2026 06:41
23b3998e-1f5d-481d-9b78-39ae6a6b76ad,arrives.new,available,488.98,601.98,medium,low,7,namecheap,,,20/09/2026 01:05
cc04b1aa-ebee-405f-85bf-3911311b879d,creditors.new,available,488.98,601.98,medium,low,9,namecheap,,,20/09/2026 15:31
ed1e62d7-2d45-450c-a583-0bd0faaa37de,surging.new,available,488.98,601.98,high,low,7,namecheap,,,09/08/2026 21:44
d30a540d-da8d-4b2a-9371-84ac825f0f47,bazooka.new,available,488.98,601.98,high,low,7,namecheap,,,22/09/2026 18:25
6c455eda-465f-4c5c-9eeb-33022f8df4d0,spoken.new,available,488.98,601.98,high,low,6,namecheap,,,28/09/2026 00:14
df53e319-0a41-4052-8a63-aed21e874fde,fbi.new,available,488.98,601.98,high,low,3,namecheap,,,29/09/2026 06:52
1f083e57-67a3-4e1d-9c27-0a695650fdd9,hoped.new,available,488.98,601.98,medium,low,5,namecheap,,,27/09/2026 02:59
b7b675e4-b637-4e6c-bea4-7786f5736737,confusing.new,available,488.98,601.98,high,low,9,namecheap,,,23/09/2026 20:14
a7b648c9-a486-4816-8236-295f43f4381d,imbricate.new,available,488.98,601.98,medium,low,9,namecheap,,,21/08/2026 20:35
f9dfa632-2060-4fa4-89d2-78067486bddc,cartagena.new,available,412.2,412.2,medium,low,9,spaceship,,,29/09/2026 00:21
170dd3d4-9d65-4be6-a8ab-ace86d828909,tourists.new,available,488.98,601.98,medium,low,8,namecheap,,,18/09/2026 07:30
9ddc8743-aaa9-4c14-a83f-2672bc77befa,analog.new,available,488.98,601.98,high,low,6,namecheap,,,
d121210c-d500-488d-a753-07eca961bec7,gps.new,available,412.2,412.2,high,medium,3,spaceship,,,29/09/2026 01:05
5fa5cb1e-ea57-4352-a0c7-20752a014de8,blanket.new,available,488.98,601.98,high,low,7,namecheap,,,08/09/2026 07:17
ff227316-b6ab-4e26-9a36-7f0bf695b83e,untenable.new,available,488.98,601.98,medium,low,9,namecheap,,,22/08/2026 02:35
668e1f43-70a6-4792-8cae-87d231228fcc,cytokines.new,available,412.46,412.46,low,low,9,porkbun,,,29/09/2026 06:01
8c40e4b0-1273-4ecc-b640-f28540f93401,banked.new,available,549.99,,medium,low,6,name.com,,,
b6c14af0-18a8-49fb-babe-455323f48b0e,scanners.new,available,488.98,601.98,medium,low,8,namecheap,,,19/09/2026 22:09
d7dea847-1119-491a-9dd7-e01a666e4b96,biggin.new,available,488.98,601.98,medium,low,6,namecheap,,,23/09/2026 15:08
ac7b9012-159c-409e-8988-25ca215d4cb8,festival.new,available,488.98,601.98,high,low,8,namecheap,,,19/09/2026 17:31
c4e305e7-2dd0-4b5c-b974-4767b51d7792,sinuous.new,available,488.98,601.98,high,low,7,namecheap,,,10/09/2026 08:38
217a0289-bdf3-40dd-8ab0-55598c5a1e09,gear.new,available,488.98,601.98,high,low,4,namecheap,,,28/09/2026 21:58
bf20667b-bbc3-4215-9226-ea4814524270,infuriated.new,available,488.98,601.98,medium,low,10,namecheap,,,
c7bdbac0-eeff-468c-ace2-5ad86f11cf72,absorb.new,available,488.98,601.98,high,low,6,namecheap,,,10/09/2026 19:56
098dd4f9-de7c-4c90-9f3d-db2762c17846,knopf.new,available,488.98,601.98,high,low,5,namecheap,,,29/09/2026 11:20
a26b399d-73b4-42e3-adc7-2e5de5b0de04,ephemeron.new,available,488.98,601.98,medium,low,9,namecheap,,,17/08/2026 10:22
cde73461-6e65-489f-9732-408da05d1c38,prn.new,available,488.98,601.98,medium,low,3,namecheap,,,13/09/2026 21:26
97f23a3c-9b3d-4876-a212-b43699a296a8,terribly.new,available,488.98,601.98,medium,low,8,namecheap,,,22/09/2026 15:23
38fa31ee-471d-4878-8eb0-6e62f575582d,diatomic.new,available,488.98,601.98,medium,low,8,namecheap,,,14/08/2026 06:19
a51caa1b-61a5-49d7-b7f9-19cadf1ceccd,slots.new,available,488.98,601.98,high,low,5,namecheap,,,20/09/2026 10:58
aa37dd9a-ef35-4627-8932-76f3c146925e,reflexive.new,available,488.98,601.98,high,medium,9,namecheap,,,09/09/2026 12:40
44b5822a-7beb-4d1b-a970-b20c86072c96,spells.new,available,412.2,412.2,medium,low,6,spaceship,,,28/09/2026 08:59
0caefece-d026-404b-91ca-6d8fa60c390f,aboulic.new,available,488.98,601.98,medium,low,7,namecheap,,,
8c2a4f17-b555-4070-9b9c-29edbd6917d9,leadership.new,available,412.2,412.2,high,low,10,spaceship,,,30/09/2026 02:30
666b01ba-3393-4636-9d2d-5168e100047a,avenged.new,available,488.98,601.98,high,low,7,namecheap,,,07/08/2026 22:35
783afc35-4ef1-41f5-8257-ef39cbcb9090,grinning.new,available,412.2,412.2,high,low,8,spaceship,,,27/09/2026 23:14
167454de-f2e6-4a93-b411-494b050c1dc1,weekly.new,available,488.98,601.98,high,low,6,namecheap,,,21/08/2026 05:36
ecc8767d-48e6-414a-8069-d71349b52ad0,trilled.new,available,488.98,601.98,medium,low,7,namecheap,,,09/09/2026 18:19
d0b95df1-8f76-482d-8fb9-0e9408031afa,germania.new,available,488.98,601.98,medium,low,8,namecheap,,,29/09/2026 21:50
da8ac128-b5c9-472e-8f67-4cfcbb4fcfe9,crack.new,available,488.98,601.98,high,low,5,namecheap,,,
09dbc2ba-bfee-4f49-92ba-d88b6795d77b,nuisance.new,available,412.46,412.46,high,low,8,porkbun,,,29/09/2026 19:51
574fa374-f9fd-41c7-b3d9-e8fbbacfc079,absentee.new,available,549.99,549.99,medium,low,8,name.com,,,16/09/2026 17:43
22cf08a3-7c83-4d95-b29c-569e4e5782d4,quake.new,available,412.2,412.2,high,low,5,spaceship,,,29/09/2026 18:44
b7c123b4-52df-4e19-b4be-6ec74b4f6aa0,vos.new,available,412.46,412.46,medium,low,3,porkbun,,,29/09/2026 17:24
1b5e3aea-eb74-4e17-a787-2b50aa31f117,perinatal.new,available,488.98,601.98,medium,low,9,namecheap,,,08/09/2026 17:07
896c910a-4a2d-4ec0-b900-65954159e0df,gunner.new,available,488.98,601.98,high,low,6,namecheap,,,20/09/2026 11:48
83542cd1-181a-4b6b-974b-a0fcae81bc15,leafless.new,available,488.98,601.98,medium,low,8,namecheap,,,22/08/2026 21:56
f4e6d9f0-4e0a-4c76-9e3d-7cf07dd7374b,nicaean.new,available,488.98,601.98,medium,low,7,namecheap,,,03/09/2026 16:59
92289a09-0abd-4862-90ca-cd23cc7b62c3,uncooked.new,available,488.98,601.98,high,low,8,namecheap,,,12/09/2026 06:09
d6e32e57-6708-4fbb-a9ee-48cc0f2bbe09,heal.new,available,412.2,412.2,high,low,4,spaceship,,,29/09/2026 13:02
ada64b31-c866-4c98-bc6a-01a0652fcc8c,hemp.new,available,488.98,601.98,high,low,4,namecheap,,,24/09/2026 12:04
5ec8c683-818d-4732-95ac-eb991359e225,genesee.new,available,412.2,412.2,medium,low,7,spaceship,,,28/09/2026 08:10
51fe69d0-2ced-4fec-9d73-b6b17434f224,recklessly.new,available,488.98,601.98,medium,low,10,namecheap,,,15/09/2026 22:49
45eb8109-1414-449d-bcc3-7cd7fe23054d,aglaia.new,available,549.99,549.99,medium,low,6,name.com,,,17/09/2026 18:17
0eea1209-ca71-4aad-9552-3c573a2e968d,anomia.new,available,488.98,601.98,medium,low,6,namecheap,,,18/09/2026 22:21
656b80c2-f3fb-46db-bc37-8b8ba45457e9,dirigible.new,available,488.98,601.98,medium,low,9,namecheap,,,14/08/2026 09:02
709fd5de-4fc4-43d9-82fa-551a31d09576,outback.new,available,488.98,601.98,high,low,7,namecheap,,,26/09/2026 03:21
906ec601-e04b-4339-8644-463be45c6071,norwegian.new,available,488.98,601.98,high,low,9,namecheap,,,25/09/2026 23:14
ff35578b-4951-4061-b0b6-3fa68b9a9b1e,risk.new,available,488.98,601.98,high,low,4,namecheap,,,08/09/2026 12:49
02818b99-1179-4c94-a65f-e49f94418519,arsine.new,available,488.98,601.98,medium,low,6,namecheap,,,20/09/2026 09:42
b8727bde-ebe4-4e83-8aac-d23e6b7f2373,notation.new,available,488.98,601.98,high,low,8,namecheap,,,19/09/2026 10:43
2d636ab6-2c51-4666-aa30-f3fcb2145297,represent.new,available,549.99,,high,low,9,name.com,,,
a4f8bad5-17e8-4412-84e2-2e2b51c22710,cantabile.new,available,488.98,601.98,medium,low,9,namecheap,,,11/08/2026 17:38
922e768c-1afc-4780-af1d-6b334c1961b2,famine.new,available,412.2,412.2,medium,low,6,spaceship,,,29/09/2026 12:01
4d9bb8ef-4925-4ac6-875d-8b8999dc1fd4,abuja.new,available,488.98,601.98,medium,low,5,namecheap,,,16/09/2026 18:50
a5afcd9b-7d54-498a-81a4-bc85e9d78998,pudding.new,available,412.2,412.2,high,low,7,spaceship,,,28/09/2026 15:09
628e9f6e-14b5-4a2f-9068-ef796202d39f,bionomic.new,available,488.98,601.98,medium,low,8,namecheap,,,10/08/2026 03:03
06edd8b0-d79e-4d43-8e5d-5bd2b618dd77,hobart.new,available,549.99,549.99,high,low,6,name.com,,,25/09/2026 07:24
f74886c3-52d2-4068-97e9-91bb5d629318,assyrian.new,available,488.98,601.98,high,low,8,namecheap,,,20/09/2026 16:49
d881a5b4-3797-4058-b492-83a57b1e63e6,won.new,available,412.2,412.2,high,low,3,spaceship,,,28/09/2026 10:43
5d58ebaf-7431-4442-90bd-276828aebb00,priests.new,available,488.98,601.98,medium,low,7,namecheap,,,18/09/2026 03:38
db6fc097-af99-4dce-b19d-647186b5060b,battle.new,available,488.98,601.98,high,low,6,namecheap,,,22/09/2026 14:39
9fb3b263-0c50-4157-a78c-ffff8e4e5c65,blusher.new,available,488.98,601.98,medium,low,7,namecheap,,,18/09/2026 15:49
13acf285-e5bc-453c-adab-45e2bee2b574,glut.new,available,488.98,601.98,medium,low,4,namecheap,,,23/09/2026 17:21
166313c0-f490-48a4-8ff3-8df1b788cf45,bathurst.new,available,412.2,412.2,high,low,8,spaceship,,,28/09/2026 16:46
6025869e-77ab-42aa-b20f-453b563d7c9d,mislabeled.new,available,488.98,601.98,medium,low,10,namecheap,,,25/08/2026 01:21
ded60c5d-b631-4fca-9c12-7406cbdf5333,lincoln.new,available,488.98,601.98,high,medium,7,namecheap,,,16/09/2026 16:51
43f7cc61-d703-4982-98ab-e12211c98166,blastoff.new,available,488.98,601.98,high,low,8,namecheap,,,24/09/2026 04:43
a360e67a-1ef6-4d6f-9d84-875239bad2e8,ixc.new,available,488.98,601.98,medium,low,3,namecheap,,,
9f82e5bc-74fa-47e5-a7d4-d5721b5c76ac,clinical.new,available,412.2,412.2,high,low,8,spaceship,,,28/09/2026 12:54
4a6bcb6a-2366-43a2-896e-ce7dadd16751,artery.new,available,488.98,601.98,high,low,6,namecheap,,,20/09/2026 10:30
feaf7750-ee9e-4fee-925c-307bf866d7de,melon.new,available,488.98,601.98,high,low,5,namecheap,,,29/09/2026 13:24
39485526-af3a-4859-b5a1-d0efe51d1995,pitching.new,available,549.99,,high,low,8,name.com,,,
13705cd4-4557-4148-bb4e-099786744018,rouser.new,available,488.98,601.98,medium,low,6,namecheap,,,20/09/2026 08:33
902aab5f-8e68-4eb4-80b7-d92c8bd2eabd,fuscous.new,available,488.98,601.98,medium,low,7,namecheap,,,18/08/2026 19:02
865218ed-d0d2-409c-ad81-a42137954d8d,airbus.new,available,488.98,601.98,high,medium,6,namecheap,,,17/09/2026 23:02
c7a25aff-85d4-489d-8ec5-7c68717bd1da,solve.new,available,549.99,,high,low,5,name.com,,,
d397a35d-1da6-4a04-93f0-f03cb23f4fdf,penguin.new,available,412.2,412.2,high,medium,7,spaceship,,,28/09/2026 10:42
11ea5972-fa5b-4ed0-abe6-0c046d9e3de3,sleeping.new,available,412.46,412.46,high,low,8,porkbun,,,27/09/2026 22:26
e07ca858-055e-4106-8356-e006e7e18890,gari.new,available,488.98,601.98,high,low,4,namecheap,,,23/09/2026 22:55
e5240214-49a2-4408-be4f-3f3d98806b32,turin.new,available,488.98,601.98,high,low,5,namecheap,,,26/09/2026 00:26
dc6cad9b-b9e8-4537-ae38-e28c575dfb2c,apophasis.new,available,488.98,601.98,medium,low,9,namecheap,,,19/09/2026 19:01
4e854971-0a17-4167-a551-a1907a79eac6,asking.new,available,488.98,601.98,high,low,6,namecheap,,,28/09/2026 22:40
9521e83f-a12e-47a4-9406-afa1d61704b1,antidotal.new,available,488.98,601.98,medium,low,9,namecheap,,,
85622984-2ff8-46c8-9309-8d404aec4828,delgado.new,available,412.2,412.2,medium,low,7,spaceship,,,28/09/2026 17:40
6ecdee07-a322-48e5-865b-160e2baf568c,atilt.new,available,488.98,601.98,medium,low,5,namecheap,,,07/08/2026 13:13
adc0f8bd-921a-4a06-8c31-ff2beaa42cd6,ergodic.new,available,488.98,601.98,medium,low,7,namecheap,,,17/08/2026 12:09
b41823bf-be10-45c4-bae7-90d24a6ca29e,poorer.new,available,412.2,412.2,low,low,6,spaceship,,,29/09/2026 23:56
c8b754aa-29e5-4aca-94f3-d4ca510417fb,abseil.new,available,488.98,601.98,medium,low,6,namecheap,,,16/09/2026 17:39
cc1b5efa-35dc-4293-bcf2-53fb1f0d6d66,attacked.new,available,488.98,601.98,medium,low,8,namecheap,,,25/09/2026 20:43
6527b5f3-3ca0-428f-8027-8ac3e1f99414,manages.new,available,412.2,412.2,medium,low,7,spaceship,,,28/09/2026 13:31
6e18c069-ab9f-4f83-941f-2bf02574f9e4,endings.new,available,412.2,412.2,medium,low,7,spaceship,,,29/09/2026 17:30
767352ac-13c6-45c0-a8d7-5cfde8d0ede6,acuate.new,available,488.98,601.98,medium,low,6,namecheap,,,
926c5d8b-c4b0-44a1-9654-a0af67b380db,wifi.new,available,549.99,549.99,high,low,5,name.com,,,16/09/2026 14:19
17f0d55d-f33b-4279-9971-742461c0030c,trimox.new,available,488.98,601.98,medium,low,6,namecheap,,,18/09/2026 22:57
7013fd06-a819-4860-986e-8c58c76f6834,hauling.new,available,488.98,601.98,high,low,7,namecheap,,,30/09/2026 01:50
964964ed-cb2d-4371-a0ab-fd2292e2acdc,outdated.new,available,488.98,601.98,medium,low,8,namecheap,,,26/09/2026 03:15
3c368d23-0493-415a-b03b-18879682b76c,emily.new,available,488.98,601.98,high,medium,5,namecheap,,,25/09/2026 14:07
daca7d5f-40cd-4d4d-b574-3679449cb6bc,sony.new,available,549.99,,high,medium,4,name.com,,,
321aad30-5d6b-4c1a-b5aa-5e56bd92473f,wrath.new,available,412.2,412.2,medium,low,5,spaceship,,,28/09/2026 20:48
69fda277-9335-4ee4-8634-85bbe2ba32d9,albers.new,available,488.98,601.98,high,low,6,namecheap,,,18/09/2026 02:34
f3b046ab-4932-416a-b297-01ec6d9744e5,nineteenth.new,available,488.98,601.98,high,low,10,namecheap,,,
40ce2e75-75f7-46c6-a8e3-d61209e0f114,flags.new,available,549.99,,high,low,5,name.com,,,
e9fd7d0e-2256-4125-8bc1-1bd96f422d9a,heaven.new,available,488.98,601.98,high,low,6,namecheap,,,29/09/2026 17:41
1985bb91-0dc4-4d52-b01d-5c2e622eebc3,grandchildren.new,available,488.98,601.98,medium,low,13,namecheap,,,
4c0fe6ad-7ba9-4c1d-83b8-0ee01b32bfd6,tierce.new,available,488.98,601.98,medium,low,6,namecheap,,,
c853d7d7-0ee5-49a9-82b8-d837ce5015bb,shovels.new,available,549.99,549.99,medium,low,7,name.com,,,20/09/2026 10:22
91fca947-67fa-4abe-a718-206bc2bc4af1,meant.new,available,488.98,601.98,medium,low,5,namecheap,,,25/09/2026 16:51
632e98b5-27d4-4042-afdf-5c90f96c7c6f,lavatory.new,available,488.98,601.98,high,low,8,namecheap,,,09/09/2026 02:14
62bdc3ad-dadb-44be-af8f-34601068303e,replete.new,available,488.98,601.98,high,low,7,namecheap,,,09/09/2026 14:32
6736342c-2589-4d2e-a3f0-6270bc329d1a,troglodyte.new,available,488.98,601.98,medium,low,10,namecheap,,,09/09/2026 11:43
988f2e5d-ec96-453b-bfc1-9ee9b73f7fe8,overdose.new,available,412.2,412.2,medium,low,8,spaceship,,,29/09/2026 02:45
847ad401-d541-48c7-993d-313dc0396564,pleasure.new,available,549.99,,high,low,8,name.com,,,
0d479286-a6b9-4c48-aafa-13e05d2f1ab8,prosper.new,available,488.98,601.98,high,low,7,namecheap,,,29/09/2026 20:45
a7001d4a-deee-45a9-a25d-8789d4591a1e,finical.new,available,488.98,601.98,medium,low,7,namecheap,,,18/08/2026 04:56
fd588f01-dc6a-4c05-bac2-845d5bf94631,nutrient.new,available,488.98,601.98,high,low,8,namecheap,,,08/09/2026 11:42
0866cc2a-bfc9-4de3-96f3-644ba68d3552,people.new,available,412.2,412.2,high,medium,6,spaceship,,,29/09/2026 09:30
61e6427f-36da-4c01-a4c9-21dd2eda8695,able.new,available,488.98,601.98,high,low,4,namecheap,,,21/09/2026 13:57
9db98a99-47ed-4b35-ad70-a0fcafd96c00,legalise.new,available,488.98,601.98,high,low,8,namecheap,,,22/08/2026 23:07
5707d4d4-d39a-496f-a3f0-c6866ed52b2c,airdock.new,available,488.98,601.98,medium,low,7,namecheap,,,17/09/2026 23:04
b3c2590a-f0cd-405e-996c-3b478e423ff7,live.new,available,488.98,601.98,high,medium,4,namecheap,,,22/09/2026 00:11
b4f8a704-5017-4d9c-aee2-20621d9e4bf1,inmate.new,available,488.98,601.98,high,low,6,namecheap,,,24/09/2026 18:00
ed150848-5106-4790-bb65-7092ae1cda76,savory.new,available,488.98,601.98,high,low,6,namecheap,,,25/08/2026 08:48
0ff31d1e-a983-4035-bf0b-4cb240e9244c,taal.new,available,488.98,601.98,medium,low,4,namecheap,,,
f8cdcd53-f55f-42e3-8c09-735c98966319,varying.new,available,488.98,601.98,high,low,7,namecheap,,,13/09/2026 01:31
7314f655-8d8f-4131-a4c1-319969e0c541,unifying.new,available,488.98,601.98,high,low,8,namecheap,,,12/08/2026 22:44
fca9a20f-f5d9-4da7-b94b-8be902accfcd,borden.new,available,412.46,412.46,high,low,6,porkbun,,,28/09/2026 07:29
197fa68e-62c5-4cb9-b40d-c6444e66c57c,deposition.new,available,488.98,601.98,medium,low,10,namecheap,,,24/09/2026 22:00
ed291081-49b1-41f2-8816-bc1105033c5f,baptistry.new,available,488.98,601.98,medium,low,9,namecheap,,,22/09/2026 03:28
a61d9706-f397-4da9-ab4a-0c8a8dd68307,protector.new,available,412.2,412.2,high,low,9,spaceship,,,28/09/2026 13:52
46a0ad25-8d1d-4fb6-91ea-fd9888948984,bioko.new,available,488.98,601.98,medium,low,5,namecheap,,,23/09/2026 18:17
7a47d560-f2e4-4fcd-82ff-4df85eb5c731,dome.new,available,412.46,412.46,medium,low,4,porkbun,,,29/09/2026 00:15
48c05be3-a8c1-46df-a795-537e76d81af7,garb.new,available,488.98,601.98,high,low,4,namecheap,,,19/09/2026 19:56
7d891bcd-f152-4612-bdd7-be51a07a9fdd,anhydrous.new,available,488.98,601.98,medium,low,9,namecheap,,,
d0c9a45c-92e5-4bae-9b9f-fd5f063a8479,diversify.new,available,549.99,,high,low,9,name.com,,,
4c0026d0-75c4-441b-9b56-afc11005e0d7,flex.new,available,488.98,601.98,high,medium,4,namecheap,,,23/09/2026 07:41
98d3eea4-a33f-4980-aceb-74df0e3e2e9c,prominent.new,available,488.98,601.98,high,low,9,namecheap,,,27/09/2026 07:23
2cc205b9-7427-43e5-9173-e8d47dd8dee3,floored.new,available,488.98,601.98,high,low,7,namecheap,,,18/08/2026 08:49
ca35472b-62d2-4c5c-a97c-eff2b15ba0ed,abortion.new,available,488.98,601.98,high,low,8,namecheap,,,16/09/2026 16:39
fd73f463-1c5d-42fd-b9ad-cbd0b3c50d38,dazed.new,available,549.99,549.99,medium,low,5,name.com,,,13/08/2026 18:53
80e6d804-9379-4f9d-b492-dd5290c97f33,attendance.new,available,488.98,601.98,high,low,10,namecheap,,,21/09/2026 01:23
7cf58762-3f9d-4f7a-8b96-363ae8ba8af2,introspection.new,available,488.98,601.98,high,low,13,namecheap,,,17/09/2026 06:54
9ef23790-3f38-4307-8cd7-5c15cf6e76e3,uncoiled.new,available,488.98,601.98,high,low,8,namecheap,,,12/09/2026 05:44
e9670aef-686c-4f07-bf89-99a187c073ae,douglas.new,available,488.98,601.98,high,low,7,namecheap,,,27/09/2026 13:08
1a45c838-c92a-4a56-bb38-8daac2978f8b,duncan.new,available,488.98,601.98,high,low,6,namecheap,,,25/09/2026 05:02
068e67d6-524f-41fe-8642-bc09c038b0d4,abundance.new,available,488.98,601.98,high,low,9,namecheap,,,16/09/2026 19:01
457c29c1-8c9a-418f-9e0a-7e3cc895ede5,sadistic.new,available,488.98,601.98,high,medium,8,namecheap,,,09/09/2026 20:44
5e4f6e48-9178-4d8b-9a23-fcee00547472,coquettish.new,available,488.98,601.98,medium,low,10,namecheap,,,13/08/2026 00:44
cde9a406-4024-4bd2-bccf-a5437ea96eb7,intersection.new,available,549.99,,high,low,12,name.com,,,
caa27d14-806b-4e68-b751-07e99bd5538d,polk.new,available,412.2,412.2,high,low,4,spaceship,,,29/09/2026 07:22
bbb9c436-6163-4cb7-bcb7-d6f356985c39,continuous.new,available,488.98,601.98,high,low,10,namecheap,,,23/09/2026 22:20
44d67ede-b047-438d-a9dc-c780e5174575,funding.new,available,412.2,412.2,high,low,7,spaceship,,,28/09/2026 14:11
2cf8300a-4723-4ce5-aa78-27fed5ae4b31,discrete.new,available,488.98,601.98,high,low,8,namecheap,,,14/08/2026 10:02
bed9ce35-76f9-4db6-9f19-c20e2a5c6b2d,zygoma.new,available,488.98,601.98,medium,low,6,namecheap,,,20/09/2026 03:03
e233671c-1271-46fd-95dd-598eee24c343,rape.new,available,488.98,601.98,high,low,4,namecheap,,,24/09/2026 08:17
009f504a-59dd-44a7-8287-2c372566cafa,aphoristic.new,available,488.98,601.98,medium,low,10,namecheap,,,05/08/2026 23:31
cb0ae28c-aca8-43c3-90ea-9765eab4090b,dazzled.new,available,549.99,549.99,high,low,7,name.com,,,13/08/2026 18:57
c9f817ee-214a-4f15-96bc-295f92f73083,scrimmage.new,available,488.98,601.98,high,low,9,namecheap,,,22/09/2026 16:24
99629a5c-cd01-4dd5-82b2-652410e19243,sami.new,available,488.98,601.98,high,medium,4,namecheap,,,09/09/2026 21:06
f31b93cd-192d-4c07-8955-ad7306ea0887,saltlike.new,available,488.98,601.98,high,medium,8,namecheap,,,09/09/2026 20:58
04fd472e-6e6d-4aef-a9cf-04db49244a45,intricate.new,available,488.98,601.98,high,low,9,namecheap,,,25/09/2026 10:49